"date","headline","label"
"2017-01-02","Polonyada kebapçıdan içki çalan gencin bıçaklanarak öldürülmesi yabancı karşıtı eylemlere yol açtı",""
"2017-01-03","İsrailli siyasetçilerin rüşvet ve yolsuzluk skandalları",""
"2017-01-04","Paris metrosunda ırkçılık yapan Chelsea taraftarlarına hapis cezası",""
"2017-01-04","Gerda Wegenerin kadınları bu sergide",""
"2017-01-04","Yargı kararı İsraillileri memnun etmedi",""
"2017-01-05","Avrupa 2017 ye birbirinden iddialı filmlerle girdi",""
"2017-01-08","Dört göçmen donarak can verdi",""
"2017-01-08","İngiltere Başbakanı Mayden Brexit açıklaması",""
"2017-01-08","Yaşamın Kıyısında tabuları yıkmaya geliyor",""
"2017-01-08","Soarezin ardından: Yeri doldurulamayacak birini kaybettik",""
"2017-01-09","The Doors 50.yılını hayranlarıyla kutladı",""
"2017-01-09","ABD: Kuzey Koreden gelecek olası füzeyi düşürmeye hazırız",""
"2017-01-10","Meksika ekonomik teşvik paketi açıkladı",""
"2017-01-11","Suriyede muhaliflerle rejim Barada Vadisine teknisyenlerin girmesi konusunda anlaştı",""
"2017-01-11","ABD Senatosu Trump ın aday gösterdiği Tillersona onay verecek mi ?",""
"2017-01-12","Avrupa yapımları sinemalarda",""
"2017-01-13","Gazzede gerilim yüksek ama elektrik yok",""
"2017-01-13","Garantör devletler Kıbrıs konferansından umutlu ayrıldı",""
"2017-01-14","Sırbistan dan yeni provokasyon",""
"2017-01-16","Brezilyada uyuşturucu çeteleri hapishanede çatıştı: En az 30 ölü",""
"2017-01-18","İngiltere nin Brexit stratejisine Brüksel den tepki",""
"2017-01-18","Samsungun başkan yardımcısı Lee Jae",""
"2017-01-19","M.Shyamalan ın yeni filmi Split Şubat ta vizyonda",""
"2017-01-19","İtalya da çığ altında kalanlara ulaşılmaya çalışılıyor",""
"2017-01-20","Obama ve Trump başkan olarak son kez aynı karede",""
"2017-01-21","İtalya da çığ felaketi: 8 kişi kurtarıldı",""
"2017-01-21","Trumptan ilk icraat: Sağlık sigortası rafa kalktı",""
"2017-01-22","Trump ın görevi devralmasıyla İsrail den Doğu Kudüs te 566 yeni konuta onay",""
"2017-01-25","Güney Kore Cumhurbaşkanı Park ın azledilmesine neden olan arkadaşı suçlamaları reddetti",""
"2017-01-26","Irak ordusunun bir sonraki hedefi Musulun batı yakası",""
"2017-01-27","Gambiya Devlet Başkanı Barrow: Nihayet evimdeyim",""
"2017-01-29","Fransada Sosyalistlerin Cumhurbaşkanı adayı Benoit Hamon",""
"2017-01-31","Trump vize yasaklarına karşı çıkan bakanı görevden aldı",""
"2017-01-31","Ukrayna nın doğusunda gerilim düşmüyor",""
"2017-01-31","Ukrayna nın doğusu son haftaların en kanlı çatışmalarına sahne oldu",""
"2017-02-02","Ukrayna ordusu çatışma bölgesinden sivilleri tahliye etmeye başladı",""
"2017-02-03","Trump İsrail e ilk uyarısını yaptı: Yerleşim birimlerini durdur",""
"2017-02-04","Local law enforcement out in force this weekend",""
"2017-02-05","Trump yönetimi yargıcın vize yasağını kaldıran kararını temyize götürdü",""
"2017-02-06","Kuantum bilgisayarlar 10 yıl sonra hayatımıza girecek",""
"2017-02-06","Donald Trump başkanlık talimatını durduran hukuk sistemini suçladı: Mahkemeler işi zorlaştırıyor",""
"2017-02-06","Trump ın vize yasakları yargıdan döndü",""
"2017-02-07","Filistin Devlet Başkanı Abbastan felaket uyarısı",""
"2017-02-08","Fransa siyasi gündemine skandallar damgasını vurdu",""
"2017-02-08","İngiltere Amerika Kupası na Rita ile yelken açacak",""
"2017-02-11","Türk askeri ve muhalifler El Bab kasabasına girdi",""
"2017-02-13","Fransız banliyölerinde patlak veren şiddet olayları sürüyor",""
"2017-02-14","İslam karşıtı Geert Wilders anketlerde ilk sırada",""
"2017-02-15","Sporun Nobelleri sahiplerini buldu",""
"2017-02-18","François Fillon eşiyle ilgili soruşturmaya rağmen yarıştan çekilmeyecek",""
"2017-02-19","Son FARC gerilaları da silah bıraktı",""
"2017-02-22","Kunstenaar maakt opvallende kunst met vlam van Zippo",""
"2017-02-22","Lakers umudunu Magice bağladı",""
"2017-02-22","Libya açıklarında göçmen trajedisi",""
"2017-02-24","BMden Çad Gölü bölgesine acil yardım",""
"2017-02-27","İtalya da ötenazi tartışması yeniden alevlendi",""
"2017-02-28","Adventures through the Multiverse ..",""
"2017-02-28","Deniz Yücel in tutuklanmasına tepkiler",""
"2017-02-28","AB Sınır Güvenliği Direktörü nden göçmen kurtaran STKlara eleştiri",""
"2017-03-01","BMden Yemen için kıtlık uyarısı",""
"2017-03-02","Palmira nın kontrolü tekrar Suriye ordusunda",""
"2017-03-10","Stookholmde suç şebekelerinin endişe veren yükselişi",""
"2017-03-10","Use Anal Whore Sara Rectal Invasion Porn Videos Oral Jobs Porn Young Big Tits Babe Eaten Out And Fucked By Bald Stud",""
"2017-03-12","Designated O Driver for St.Patty Day",""
"2017-03-16","Ai Weiwei Praga dev bir mülteci botu yerleştiriyor",""
"2017-03-28","Forum thread: WHY TURKS SO MAD",""
"2017-04-04","Protesters keep up pressure on Paraguay government",""
"2017-04-23","Chase leads to man being tased",""
"2017-04-25","surcelikkapi.com Sur Çelik Kapı",""
"2017-04-26","Sheriff office: Beware of farm machinery on the roadways",""
"2017-04-28","Zor koþullar için yaþam keki ürettiler",""
"2017-04-28","Kendi ölümünü bilen madenciden korkunç 3.Dünya Savaþý kehaneti",""
"2017-05-02","Umutlarýný gökyüzüne saldýlar",""
"2017-05-05","Ölen Þehir Civita Di Bagnoregio hakkýnda bilmedikleriniz",""
"2017-05-06","Deputy: Distracted, impaired driving a concern",""
"2017-05-06","FETÖ firarisi Emre Uslu ABDnin Virginia eyaletinde görüntülendi",""
"2017-05-12","Japonlarýn akýllara durgunluk veren icatlarý",""
"2017-05-15","Ministry of Health and Prevention hosts regional conference to ensure better healthcare and patient safety",""
"2017-05-16","Akýllara durgunluk veren kaçakçýlýk yöntemleri",""
"2017-05-16","Kamuya 61 bin 500 personel alýmý yapýlacak ! Ýþte iþ alýmý için aranan þartlar ...",""
"2017-05-17","Savaþ gemisine ziyaretçi akýný",""
"2017-05-21","PKK lý teröristlerin bir yalaný daha ortaya çýktý !",""
"2017-05-24","1965 Porsche yenilendi",""
"2017-05-26","Gündem ve haberleri Akþam Gazetesi yazarlarýndan takip edin (26 Mayýs 2017)",""
"2017-05-27","Hurma alacaklar dikkat !",""
"2017-05-29","Claims about former AKP MP links to Gülen removed from Turkish coup panel report",""
"2017-05-29","Ramazanda aðýz kokusu nasýl giderilir ?",""
"2017-06-01","En sevimli davetsiz misafirler",""
"2017-06-01","En çok maaþ veren teknoloji firmalarý açýklandý",""
"2017-06-06","Sosyal medyanýn eðlenceli akýmý hýzla dünyaya yayýlýyor",""
"2017-06-08","Ýþte Türkiye nin Katardaki askeri üssü",""
"2017-06-08","Gündem ve haberleri Akþam Gazetesi yazarlarýndan takip edin (8 Haziran 2017)",""
"2017-06-17","Putinden 15 Temmuz yorumu: FETÖ darbe giriþiminde yer aldýysa ABDnin bilmemesi çok zor",""
"2017-06-19","Man behind bars following high",""
"2017-06-20","creasoup.com Creasoup",""
"2017-06-21","Daily Record, June 21, 2017",""
"2017-06-27","Gündem ve haberleri Akþam Gazetesi yazarlarýndan takip edin (27 Haziran 2017)",""
"2017-07-02","Adanadaki buz fabrikasý günde 30 ton buz satýyor",""
"2017-07-05","Japonlarýn hayranlýk veren treni",""
"2017-07-11","Dünyanýn en pahalý okulu Ýsviçre de",""
"2017-07-11","Yediðiniz besinlere dikkat !",""
"2017-07-14","Who is Fetullah Gülen ?",""
"2017-07-16","Waterford News and Star",""
"2017-07-16","Irish man who became unsuspecting star of Wimbledon to auction skirt for charity",""
"2017-07-18","Pekmezin yararý saymakla bitmiyor",""
"2017-07-26","hacialioglucigkofte.com Hacıalioglu Çiğ Köfte",""
"2017-07-26","En saðlýksýz 30 besin",""
"2017-07-28","33rd annual Steam Threshing and Plowing Show slated for Aug.4",""
"2017-07-29","Bu tünelin Türkiyede baþka bir eþi yok",""
"2017-07-31","Society For News Design",""
"2017-08-02","Dünyanýn en saðlýksýz 30 besini açýklandý",""
"2017-08-05","Keeping farm machine history alive",""
"2017-08-10","Tarihi Karagümrük Stadý aslýnda bir su sarnýcý",""
"2017-08-11","Çinliler ile Çaykur Rizede ortak fabrika kurdu",""
"2017-08-13","Maganda kurþunu ile yaralanan liseli Ahmet 2 yýl 11 gün sonra hayatýný kaybetti",""
"2017-08-15","Child car seat safety event returns",""
"2017-08-17","Adanada ezan kavgasý: 2 yaralý",""
"2017-08-29","Drive sober or get pulled over",""
"2017-08-29","Bank of America Corp .",""
"2017-08-31","Ýstanbula tehlikeli iniþ !",""
"2017-09-06","Hangi ülke vatandaþlýk için ne kadar para istiyor ?",""
"2017-09-09","Uçaklarda ayakta yolcu dönemi",""
"2017-09-11","GAUDETE BRASS WITH RED STAR BRASS AT PRITZKER PAVILION, MILLENNIUM PARK « WFMT: The Dame Myra Hess Memorial Concerts",""
"2017-09-13","WhatsAppa sonunda atýlan mesajý silme özelliði geliyor",""
"2017-10-06","Mehmet Altan: The law or law of the enemy ?",""
"2017-10-12","Burun týkanýklýðýný 25 saniyede geçiren yöntem",""
"2017-10-16","Somalide bombalý saldýrýda can kaybý 300 ü aþtý",""
"2017-10-16","Bu siyasi lideri tanýdýnýz mý ?",""
"2017-10-17","Araç sahipleri dikkat ! Artýk muayeneden geçemeyecek ...",""
"2017-10-18","Aðaçlarý binanýn içinde býraktý",""
"2017-10-19","Fi dizisi hakkýnda her þey",""
"2017-10-26","Giresunda yakalanan terörist yer gösterdi, sýðýnaklar bulundu",""
"2017-10-27","Tam bir yýldýr beklenen özellik sonunda WhatsAppa geldi",""
"2017-10-28","Sosyal medyada en çok yapýlan hatalar",""
"2017-10-31","Kahve telvesinin faydalarý saymakla bitmiyor",""
"2017-11-02","Rusya süpermen zýrhý ný tanýttý",""
"2017-11-03","Ýþte en fazla kazandýran meslekler ! Yýllýk kazançlarý þaþýrtýyor",""
"2017-11-13","insanlar gibi poz veren hayvanlar",""
"2017-11-13","Traffic gives way to public spaces in Almaty",""
"2017-11-14","Daily Record, Nov.14, 2017",""
"2017-11-16","Milyonlarca asgari ücretli korumaya alýndý",""
"2017-11-28","Bülent Serttaþ Maria Sharapova fotoðrafýyla ilgili konuþtu",""
"2017-12-04","Avustralyada meclis kürsüsünden evlilik teklifi",""
"2017-12-08","Tam bir felaket kollarý bakýn neden bu hale geldi",""
"2017-12-10","Mısır da yeni arkeolojik keşif",""
"2017-12-10","Filistinlilerin öfkesi dinmiyor",""
"2017-12-12","Sarýmsaðýn faydalarý nelerdir ?",""
"2017-12-12","En komik araç yazýlarý",""
"2017-12-14","Daily Record, Dec.14, 2017",""
"2017-12-18","Zayýflatan meyve ve sebzelerin listesi",""
"2018-01-03","Kanser cerrahisinde 3D teknolojisi",""
"2018-01-05","Broadway star Ben Vereen sexually harassed Hair actresses",""
"2018-01-05","Benjamin Fulford: March 8, 2016",""
"2018-01-06","CHP FETO report exposes continued AKP - FETO relationship after 15 July",""
"2018-01-08","Ahmet Hakan zeytin dalý uzattý Þeyma Subaþý bakýn ne yanýt verdi - Dünya Fotolarý",""
"2018-01-16","Afrinden sonra Fýratýn doðusu - Güncel Fotolarý",""
"2018-01-16","Kan aðlayan aðacýn sýrrý ne ? - Dünya Fotolarý",""
"2018-01-26","Döner Kanat Vurucu Ýnsansýz Hava Aracý Kargu TSKya teslim edildi - Güncel Fotolarý",""
"2018-01-26","Beyne ilaç veren beyin implantý geliþtirildi - Magazin Fotolarý",""
"2018-01-29","Türkiyedeki Suriyeli Mülteciler: Kentsel Gerilimleri Azaltmak",""
"2018-01-30","Florida 4 - H Hall Of Fame Member Francis Robert Gindl, Sr.Passes Away",""
"2018-02-01","Mezar açýlýnca þok eden gerçekle karþýlaþtýlar ! - Güncel Foto Galeri",""
"2018-02-02","Almanyada sığınmacılar için önemli oylama",""
"2018-02-05","Türkiye Afrinde tankı vuran füzenin izini sürüyor",""
"2018-02-05","Rusya İdlibe saldırılarını yoğunlaştırdı",""
"2018-02-05","Siyanür içtim bana dokunmayýn notu býrakýp intihar etti - Güncel Fotolarý",""
"2018-02-06","Süper Ligin zirvesi yara aldı haftanın kazananı Kayseri oldu",""
"2018-02-06","Ýnanýlmaz deðiþim - Dünya Fotolarý",""
"2018-02-06","Kılıçdaroğlu: Türkiye hiç olmadığı kadar yalnız",""
"2018-02-07","Kara Harp Okulu davasında 60 sanığa müebbet hapis",""
"2018-02-09","53 liranýn peþine düþen adam kýrdý geçirdi - Güncel Foto Galeri",""
"2018-02-10","TSK: Afrinde bir ATAK helikopteri kırıma uğradı",""
"2018-02-11","Kendi ölümünü bilen madenciden korkunç 3.Dünya Savaþý kehaneti - Akþam akdeniz Fotolarý",""
"2018-02-14","İtalyada sıra dışı karnaval",""
"2018-02-17","Timsahlarla yakýnlýðý korkuttu - Güncel Foto Galeri",""
"2018-02-23","Uluslararası Af Örgütü: Dünya korku ve baskıyla yönetiliyor",""
"2018-02-24","OIC Rusya kararını görüşüyor",""
"2018-02-25","Rusya olimpiyatlara geri dönüyor",""
"2018-02-26","Samsung Galaxy S9 ve S9 Plu ın özellikleri",""
"2018-02-27","Yeni nesil ÝHAlar yerli gözle uçuyor - Ekonomi Fotolarý",""
"2018-02-27","Suudi Arabistan ordusunda deprem",""
"2018-02-27","20 yaþ küçük sevgilisiyle evleniyor ! Ýþte düðün tarihi - Magazin Fotolarý",""
"2018-02-27","F - 35 e ambargo söz konusu deðil - Dünya Fotolarý",""
"2018-03-01","Slovak gazeteci Kuciak ın cinayetine ilişkin 7 kişi gözaltında",""
"2018-03-01","Rusya: Türkiye ile imzalanan S - 400 anlaþmasý her iki tarafý da memnun etti - Ekonomi Fotolarý",""
"2018-03-02","İtalyada aşırı sağ zafere bir adım uzakta",""
"2018-03-05","Ninja olmanın sırları",""
"2018-03-05","Show TV reyting rekortmeni diziye final mi yaptýrýyor bu karar þok ! - Ekonomi Fotolarý",""
"2018-03-07","Suudi kadınlar trafiğe çıkmaya hazırlanıyor",""
"2018-03-07","Şampiyonlar Ligi: Real Madrid ve Liverpool çeyrek finalde",""
"2018-03-07","Barbieden Dünya Kadınlar Günü için Sheroes",""
"2018-03-09","Dont rely on the luck o the Irish",""
"2018-03-10","İstanbulda bir taksi şoförü Uber aracına bıçakla saldırdı",""
"2018-03-11","Çin devlet başkanlığında iki dönem sınırı kalktı",""
"2018-03-11","U2 nun vokalistinden özür",""
"2018-03-12","İngiltere Başbakanı eski ajanın zehirlenmesinden Rusyayı sorumlu tuttu",""
"2018-03-12","Afrini halk terk ediyor",""
"2018-03-12","Dondurmaya zavallı Yahudi adını veren yetkililere tepkiler büyüyor",""
"2018-03-12","Belçikada et skandalı tartışmaları büyüyor",""
"2018-03-13","Kürt gruptan Avrupa ülkelerine Afrin tehdidi",""
"2018-03-18","Rusya yeni liderini seçiyor",""
"2018-03-19","Epsilon ürettiði kompozit parçalarla helikopterlerin korunmasýný saðlýyor - Akþam akdeniz Fotolarý",""
"2018-03-21","Safety behind the wheel",""
"2018-03-21","Yosakoi renkleri ve Wadaiko ritimleri",""
"2018-03-25","Osmanlı hayali kuranlar 1821 i hatırlasın",""
"2018-03-28","Rusyada gözyaşı ve dua",""
"2018-03-28","Kemerovo yangınında ölenler son yolculuğuna uğurlanıyor",""
"2018-03-29","Rusya yangında yitirdiklerini uğurluyor",""
"2018-03-29","ABD askerlerini Türkiye korkusu sardý - Dünya Fotolarý",""
"2018-03-30","Doğu Guta son bir ayda 871 sivil hayatını kaybetti",""
"2018-03-31","Papa Paskalya öncesinde Kutsal Cuma vaazını verdi",""
"2018-03-31","İngiltere: Havalimanında yangın",""
"2018-04-02","Ünlüler Zeytin Dalý Harekatý na destek için sýnýra gitti - Spor Fotolarý",""
"2018-04-02","Muppet Showun yaratıcıları belgeselde buluştu",""
"2018-04-03","Suudi veliaht prensinden İsrail açılımı",""
"2018-04-04","Antalya emniyetinin Lara Croftu meslektaþlarýný eðitiyor - Ekonomi Fotolarý",""
"2018-04-04","Kaliforniya çöllerinde Volkswagenin dizel mezarlığı",""
"2018-04-05","Futbola gönül veren gençler F4F Dostluk İçin Futbol Turnuvası nda buluştu",""
"2018-04-05","Újabb trófeát hódított el a Real Madrid",""
"2018-04-05","Στη Ρεάλ Μαδρίτης το Κύπελλο « F4F »",""
"2018-04-05","еал отмечен наградой Футбола для дружбы",""
"2018-04-06","Güney Korenin eski Devlet Başkanı Park Geun - hye suçlu bulundu",""
"2018-04-06","Tunusta ziyaretçilerine Ayda yürüyormuþ hissi veren bölge: Ayn Þerþare - Yaþam Fotolarý",""
"2018-04-09","Macaristanda 85 yıl sonra mecliste Alman azınlığı temsil edecek olan Imre Ritter kimdir ?",""
"2018-04-09","Yangtze her yıl 1, 5 milyon ton plastiği denize döküyor",""
"2018-04-10","Türkler en fazla AB vatandaşlığı alanlar arasında",""
"2018-04-13","Nobel cinsel taciz skandalı ile sarsıldı",""
"2018-04-13","Pensilvanyada öğretmenlere beyzbol sopası",""
"2018-04-14","CIA: Suriyedeki hava saldırılarında yüzlerce Rus öldü",""
"2018-04-16","40 hours of non - stop tunes for Magnetic Island",""
"2018-04-17","Driving high ? Kiss your license goodbye !",""
"2018-04-17","Örümcek yiyerek korkusunu yendi",""
"2018-04-17","Uzatılması gündemde olan OHALin 20 aylık bilançosu",""
"2018-04-17","Bilim insanları plastiği yiyen yeni bir emzim türü buldu",""
"2018-04-20","Η εύκολη η πρόσβαση των τρομοκρατών στα όπλα",""
"2018-04-21","Natalie Portman İsrailin milyon dolarlık ödülünü geri çevirdi",""
"2018-04-21","Nikaraguadaki protestolarda 10 kişi hayatını kaybetti .",""
"2018-04-22","Salah Abdüsselam ın Belçikadaki davası sonuçlanıyor",""
"2018-04-23","Sakız Adası nda göçmenlere ırkçı saldırı",""
"2018-04-25","Türkiyenin ilk þova dayalý havacýlýk fuarý Eurasia Airshow bugün baþlýyor - Yaþam Fotolarý",""
"2018-04-27","Çavuşoğlu: Kıbrıs sorununa ilişkin yeni bir yol haritası belirlenecek",""
"2018-04-30","Necati Þaþmaz geri dönüyor ! Ýþte Kurtlar Vadisinin yeni kanalý - Teknoloji Fotolarý",""
"2018-05-04","Province funds 60 new paramedic positions",""
"2018-05-04","Aktör Cosby ve yönetmen Polanski Akademiden ihraç edildi",""
"2018-05-04","Meriç Nehrinde can pazarı",""
"2018-05-08","Savunma Sanayii Müsteþarý Ýsmail Demir: S - 400 de takvime uyulacak - Dünya Fotolarý",""
"2018-05-09","Premiere: Ric Wilson Connects With Kweku Collins, Nick Kosma, and Rane Raps on Sinner",""
"2018-05-10","Ric Wilson Teams Up With Kweku Collins On Funky New Track",""
"2018-05-10","Polanski Oscar Akademisine dava açmaya hazırlanıyor",""
"2018-05-11","Eurovisionda büyük final heyecanı",""
"2018-05-11","Brexit kampanyası yapan Leave.EUya 70 bin Pound ceza",""
"2018-05-13","A Parent and a Protector",""
"2018-05-15","Erdoğandan ABDye: Hakan Atillayı suçlamak Türkiyeyi suçlu ilan etmektir",""
"2018-05-18","Stream Ric Wilson – BANBA EP | Track By Track | New Music",""
"2018-05-18","KOBİ kümelenmesinin önemi",""
"2018-05-21","Fenerbahçe Doğuş EuroLeague ikincisi",""
"2018-05-21","Kertenkele derisi üzerine araştırmalar",""
"2018-05-22","Marks and Spencer 100 den fazla mağaza kapatacak",""
"2018-05-22","Reading the Wheel of Time: Two Rivers or Aielman in Robert Jordan s The Eye of the World (Part 14)",""
"2018-05-22","Jodie Foster suçluların hemşiresi oluyor",""
"2018-05-22","ABDli ünlü empresyonist ressam Mary Cassattin eserleri Pariste ziyaretçilerini bekliyor",""
"2018-05-24","Frida Kahlo oyuncak bebek değil, o bir ressam",""
"2018-05-24","MH17 yi vuran füze Rusyaya ait",""
"2018-05-25","AB Zuckerbergi sorguladı",""
"2018-05-25","The Wheel of Time Re - read: Lord of Chaos, Part 31",""
"2018-05-28","Yunanistan tek kullanımlık plastik pipetlere son veriyor",""
"2018-05-28","İtalyada belirsizlik yatırımcıları endişelendiriyor",""
"2018-06-03","Yemenin El - Hudeyde ilinde tansiyon yükseliyor",""
"2018-06-04","Facebookta yeni açık: Akıllı telefonlar gizli kişisel bilgilere erişebiliyor",""
"2018-06-04","The Wheel of Time Re - read: Knife of Dreams, Part 7",""
"2018-06-04","Fransa belgesiz kahramanlara yapılan çifte standardı tartışıyor",""
"2018-06-05","Muharrem İnce: İmam hatipleri kapatmayacağım",""
"2018-06-05","Meral Akşener, Googleda hangi kelimeleri satın aldı ?",""
"2018-06-05","Tesla hidderları Elon Musk ın görevden alınmasını oylayacak",""
"2018-06-05","Milli marşta diz çöken şampiyon takımın Beyaz Saray davetine Trump engeli",""
"2018-06-07","Donald Trump ın Beyaz Sarayda ilk iftarı",""
"2018-06-07","Başörtüsü takarak Müslüman kadınlara destek kampanyası",""
"2018-06-07","Putin Batı yı Dünya Kupası ile etkilemek istiyor",""
"2018-06-08","There a better way to travel, and it much slower",""
"2018-06-08","The Wheel of Time Re - read: The Gathering Storm, Part 1",""
"2018-06-08","BM Güvenlik Kurulunun yeni geçici üyeleri kimler oldu ?",""
"2018-06-09","The Wheel of Time Re - read: The Gathering Storm, Part 14",""
"2018-06-10","20 yıllık Yahoo Messenger kapanıyor",""
"2018-06-10","Ukraynada aşırı sağcı grup Roman kampına saldırdı",""
"2018-06-11","Akdenizde ölüm kalım mücadelesi veren göçmenlere İspanyadan yardım eli",""
"2018-06-11","Akşener: AK Parti bana güçlü başbakan yardımcılığı teklif etti",""
"2018-06-11","Göçmenler Akdenizde sıkıştı.Kötü hava şartları ve güvenlik sorunu nedeniyle 629 göçmenin İspanya yolculuğu iptal edildi",""
"2018-06-11","Hasta köpekcik, Akıl hastası, Roket adam: Trump ve Kimin hakaret arşivi",""
"2018-06-12","Akdenizde göçmenleri taşıyan gemi İspanyaya dümen kırdı",""
"2018-06-12","Donald Trump - Kim Jong - un görüşmesi: Savaşın eşiğinden müzakere masasına",""
"2018-06-14","Dorothy May (Edler) Blood",""
"2018-06-15","Yunanistanda bir köpeğe Merkel ismi verildi",""
"2018-06-16","Araştırma: Kanadalıların yüzde 70 i ABD mallarını boykot etmek istiyor",""
"2018-06-17","Papa kürtajı Nazilerin soy ıslahına benzetti",""
"2018-06-18","Panama ilk Dünya Kupası macerasından başı dik ayrılmak istiyor",""
"2018-06-19","Iowa rural roads are far more deadly than city highways",""
"2018-06-19","Rubik Küp Dünya Şampiyonası finallerine dört kişi kaldı",""
"2018-06-20","Picasso Brooklynde çim biçiyor",""
"2018-06-20","Suruç taki kavganın güvenlik kamerası görüntüleri yayınlandı",""
"2018-06-21","Çavuşoğlu: YPG 4 Temmuzda Menbiç ten çekilmeye başlıyor",""
"2018-06-22","Türk Borçlar Kanunu Uyarınca Tahliye Taahhüdü - Real Estate and Construction",""
"2018-06-22","Yorumcular günün en zevkli maçı diyor: Sırbistan - İsviçre",""
"2018-06-23","Suudi Arabistanda kadın sürücüler için geri sayım başladı",""
"2018-06-23","Çocuğu tokatlayarak vaftiz eden rahip Fransayı ayağa kaldırdı",""
"2018-06-25","Erdoğana oy veren Türkler Avusturyayı terk etsin",""
"2018-06-25","TÜSİAD: Hukuk devletinin ve özgürlüklerin en ileri demokrasiler düzeyinde tesisini bekliyoruz",""
"2018-06-25","Barselona turist değil mülteci istiyor",""
"2018-06-26","Yeryüzünde günler uzuyor",""
"2018-06-27","İzmirde Cumhurbaşkanı Erdoğana küfrettiği iddia edilen 5 kişi tutuklandı",""
"2018-06-27","Fransada 16 yaşındakilere zorunlu ulusal hizmet geliyor",""
"2018-06-27","Merkel koalisyon hükümetini kurtarmak için AB zirvesine bel bağladı",""
"2018-06-28","İnceden teşekkür mesajı: Türkiye hepimizin Türkiyesi olana dek yolculuğumuz devam edecek",""
"2018-06-30","Trump: Putine Rusyanın ABD seçimlerine müdahalesini soracağım",""
"2018-07-02","Japonyayı uzatma dakikalarında bulduğu golle mağlup eden Belçika çeyrek finalde",""
"2018-07-02","Fransa Cumnhurbaşkanı Macrondan Afrika turu",""
"2018-07-02","Çocuklarda diyabet krizinin kokusunu alan köpekler görevde",""
"2018-07-02","Ankara kulislerinde erken yerel seçim tartışması",""
"2018-07-03","Filipinler - Avustralya basketbol maçı boks ringine dönüştü",""
"2018-07-05","Süper Ligde yeni sezona adını veren Lefter Küçükandonyadis kimdir ?",""
"2018-07-05","Kamu bankalarý, emeklilere nakit desteði saðlamak içinfaizsiz kredi hazýrlýðý yapýyor - Güncel Fotolarý",""
"2018-07-06","Avusturya Erdoğana oy verenler Türkiyeye dönsün çağrısını yineledi",""
"2018-07-06","Kızıl Dany, Farage ve Blair tartıştı: Ne olacak bu AB ve İngilizlerin sonu ? - VİDEO",""
"2018-07-07","Daily Record, July 7, 2018",""
"2018-07-09","Reading The Wheel of Time: For the Love of Egwene in Robert Jordan s The Eye of the World (Part 20)",""
"2018-07-09","Trumptan NATO üyelerine suçlama: İttifak bütçesine yeteri kadar destek verilmiyor",""
"2018-07-10","Yiddish Favorite Disease – Tablet Magazine",""
"2018-07-10","Trump, Bushun eski danışmanını yüksek mahkeme için aday gösterdi",""
"2018-07-10","İsrailde yolsuzluk soruşturması büyüyor: Başbakan Netanyahu yeniden ifade verdi",""
"2018-07-10","Google yarı final maçları ile ilgili galibiyet oranlarını açıkladı",""
"2018-07-10","İsrailde tutulan Türk vatandaşı Ebru Özkana şartlı tahliye kararı",""
"2018-07-11","Googlea göre İngiltere - Hırvatistan maçını kim kazanacak ?",""
"2018-07-11","Yapay zeka insan aklına ilk kez bu kadar yaklaştı",""
"2018-07-11","TÜSİAD: ABD ve Çin ticaret savaşı Türk ekonomisi için büyük risk teşkil ediyor",""
"2018-07-12","Dünya Kupası nda finale çıkan Hırvatistan Google ı da yendi",""
"2018-07-12","Twitterdan sahte hesaplara operasyon: Tamamı silinecek",""
"2018-07-24","Man caught on camera being kicked by Miami officer accepts plea deal",""
"2018-07-31","Teenager murder shocks small town",""
"2018-08-15","Turkish Ngos To Send Eid Meat To 25M People Worldwide",""
"2018-08-16","Law enforcement: Dont drink and drive | News, Sports, Jobs",""
"2018-08-16","Turkish NGOs to send Eid meat to 25M people worldwide",""
"2018-08-28","nitoz.com Nitoz Bilişim Hizmetleri",""
"2018-09-06","Turn around, dont drown Flood safety tips | News, Sports, Jobs",""
"2018-09-15","hacialioglucigkofte.com Hacialioğlu Etsiz Çiğ Köfte",""
"2018-09-20","First woman to spend career with Marshalltown Police retires | News, Sports, Jobs",""
"2018-09-23","Sharing the road during fall harvest season | News, Sports, Jobs",""
"2018-09-26","Car seat safety check slated Sunday at local Fareway parking lot | News, Sports, Jobs",""
"2018-10-03","Waterloo homes flooded with sewage after heavy rainfall",""
"2018-10-27","Dean C.Johnson and Ila Fae Hughes",""
"2018-10-28","Johnson, Dean and Ila Fae",""
"2018-11-29","GIJN Data Journalism Top 10: Dear Abby Data, South Africa Pit Toilets, The Economist Inequality, Politico Goes Open Source",""
"2018-12-05","Mishpacha Jewish Family Weekly",""
"2019-01-04","Motorcycle maker Tomos sent into receivership",""
"2019-01-06","Arabesk headlines the Hustle",""
"2019-01-13","Ukraine signs agreement to procure Turkish Bayraktar TB2 drones",""
"2019-01-18","MWC On Ice: Fourth Edition",""
"2019-01-25","creasoup.com Creasoup - Fikir bulur, uygular, yönetir ve raporlar .",""
"2019-04-03","Mortal Kombat 11 Trophy listesi sızdı ! - Donanım Günlüğü",""
"2019-04-30","Protest at Funeral of Torturer Colonel Raci Tetik: May His Fire Abound in Hell",""
"2019-05-13","Antigo Daily Journal News Stories",""
"2019-05-18","Tanker caught in ditch near Green Mountain | News, Sports, Jobs",""
"2019-05-25","Opposition Istanbul candidate says CNN Türk fired cameramen after his interview",""
"2019-06-18","BREAKING: Egypt President Morsi dies in court",""
"2019-06-19","Images of How Salatul Ghaeb was Prayed in different countries for Muhammad Morsi .",""
"2019-06-27","Public entrances, courtrooms to see changes at courthouse | News, Sports, Jobs",""
"2019-07-04","Can Turkish politics be depolarised ? · Global Voices",""
"2019-07-05","Film shoot causes window on Turkish Airline first 787 to melt",""
"2019-07-06","Daily Record, July 6, 2019 | News, Sports, Jobs",""
"2019-07-10","Marshall County 2018 - 19 salaries approved | News, Sports, Jobs",""
"2019-07-18","Local law enforcement serve food to support Special Olympics | News, Sports, Jobs",""
"2019-08-05","paracevirici.com Döviz Çevirici - Döviz Kuru - Dolar & Euro Kur Hesaplama",""
"2019-08-16","yarisdergisi.com Website Analysis and Social Media report impact: Yarisdergisi.com",""
"2019-09-13","Agriculture experience brought to fourth graders | News, Sports, Jobs",""
"2019-10-08","Safe Driving and Telemetry System to Prevent Metrobus Accidents",""
"2019-10-28","® Nar continues to offer products meeting needs of customers",""
"2019-10-28","Nar continues to offer products meeting customer needs",""
"2019-11-16","This Week in Agribusiness, November 16, 2019",""
"2019-12-07","e - burs.net 2013 - 2014 Burslar, Burs, Burs Veren Yerler, Başbakanlık Bursu, Burs koşulları",""
"2019-12-24","[ PHOTOS ] Deepika Padukone is all smiles as she poses with Sonam Bajwa, Sonali Kulkarni and Nithya Menen",""
"2019-12-27","Deepika Padukone bonds with three regional superstars - Nithya Menen, Sonali Kulkarni and Sonam Bajwa !",""
"2020-01-12","New Year Update ! news - Silmarillion: Total War mod for Medieval II: Total War: Kingdoms",""
"2020-02-04","Xinhua Headlines: Swift, decisive, transparent, cooperative - - China buying world time in fight against coronavirus epidemic - Xinhua",""
"2020-03-10","Irish Baby Names for Boys & Girls Beyond the Common Choices – SheKnows",""
"2020-03-12","NY Times publishes Trump Europe travel ban with photos from Turkey that is not even on list",""
"2020-03-12","Turkey slams misleading NY Times travel ban photos",""
"2020-03-12","Misleading NY Times travel ban photos slammed by Turkey",""
"2020-04-13","Turkish President Erdogan rejects Interior Minister resignation",""
"2020-05-11","Setting Souls Aflame – Mishpacha Magazine",""
"2020-05-23","Virginia Kay Crosby | News, Sports, Jobs - Times Republican",""
"2020-06-29","Do call yourself a programmer, and other career advice",""
"2020-07-21","One sent to hospital after roof collapse in Longs",""
"2020-07-23","180+ Orgs Demand Apparel Brands End Complicity in Uyghur Forced Labour",""
"2020-08-13","Protesting PE residents demand demolished RDP houses be rebuilt",""
"2020-08-13","South Africa: Violent Housing Protests Erupt Because of Government Broken Promises",""
"2020-08-13","Carroll Hardy, whose pinch - hit appearance was part of Red Sox history, dies at 87",""
"2020-08-20","Rabbi Dr.Isaac Lewin, zt l – My Father – On His 25th Yahrzeit | The Jewish Press - JewishPress.com | Nathan Lewin | 30 Av 5780 – August 20, 2020",""
"2020-11-22","Veren Place Sovetskaya Residential Complex / SPEECH architectural office",""
"2020-11-22","Gallery of Veren Place Sovetskaya Residential Complex / SPEECH architectural office",""
"2020-12-15","Ric Wilson Releases New Single / Visual, For Trunk Music",""
"2020-12-31","Marshalltown businesses get more than $2.5 million in loans | News, Sports, Jobs",""
"2021-01-05","The Magic of Rhythm or Ornament as a Theme",""
"2021-01-21","Marshall County employees recognized for service | News, Sports, Jobs",""
"2021-01-22","Heath Ledger Fans Remember The Actor On 13th Anniversary Of His Death",""
"2021-01-25","AKP Tekirdağ chair hands out school reports, going from door to door - Ruken Tuncel",""
"2021-02-10","County budget meeting derailed by dispute | News, Sports, Jobs",""
"2021-02-22","Western Cape scores 79.9% matric pass rate - here are the top achievers",""
"2021-02-22","We went to Qandil with knowledge, approval of Erdoğan, says HDP Co - Chair",""
"2021-02-23","We were forced to adapt fast: maths boffin celebrates after roller - coaster year",""
"2021-02-23","MTN rewards top matriculants with laptops",""
"2021-02-23","KZN, GP & WC Education MECs laud 2020 top - performing matrics",""
"2021-02-23","Covid - 19 blamed for drop in Western Cape matric pass rate",""
"2021-02-24","Informal settlement family celebrates star matriculant Ayabukwa Nombela",""
"2021-03-04","South Africa: Protesters Occupy Housing Development Agency",""
"2021-03-04","MTN Foundation gifts notebooks to SA top 183 Matrics",""
"2021-03-09","Western Cape top achieving matriculants honoured by Winde and Schäfer at Leeuwenhof",""
"2021-03-09","Honor the Emerald Isle With These Irish Baby Names",""
"2021-04-11","PKK Supporters Accused of Attacking Turkish Association in France",""
"2021-05-12","Supervisors seek sharing details | News, Sports, Jobs",""
"2021-05-14","They can do so without any joint statement or formal agreement . | The Global Dispatch",""
"2021-06-11","As Covid Travel Restrictions Ease, Travel Influencers Can Be a Force for Good",""
"2021-06-16","Dawn of a new day in Israel after close of Netanyahu era",""
"2021-06-23","Police intervention against women naming the street after Deniz Poyraz",""
"2021-06-29","Istanbul: divided on two fronts",""
"2021-09-08","distrobayi.com Website Analysis and Social Media report impact: Distrobayi.com",""
"2022-01-19","Thousands stranded on snow - hit highway in southeast Turkey",""
"2022-03-12","How the Forward covered Babyn Yar, from WWII to today – The Forward",""
"2022-03-21","Police violence against Furkan Foundation members in Adana",""
"2022-03-21","Police violence against Furkan Foundation members in Adana province",""
"2022-04-19","How the Forward covered Babyn Yar, from WWII to today",""
"2022-04-22","Ben Vereen lends his star power and voice to We Sing for Ukraine",""
"2022-06-27","Horse euthanized after 96.Gazi Race",""
"2022-07-26","The Message to Our Kids When Signing False Statements for Schools",""
"2022-09-12","Meet the Real Housewives of Pretoria",""
"2022-09-20","Community groups help keep highways clean, save DOT employees time",""
"2022-11-17","cocktail: Cocktail time",""
"2023-02-20","IRAQ: THE DOWNWARD SPIRAL - The Islamic Monthly",""
"2023-03-08","Troopers honored for valor in fiery crash near Dunkerton",""
"2023-03-27","Everen Declares $200 Million Dividend and Welcomes New Chief Operating Officer",""
"2023-05-11","Animal Rescue League contract discussed during supervisors meeting | News, Sports, Jobs",""
"2023-05-12","Supervisors agree to add stop sign at Main Street Road, Zeller intersection | News, Sports, Jobs",""
"2023-06-22","Supervisors OK veteran relocation assistance, initial changes to ARL contract | News, Sports, Jobs",""
"2023-08-17","Edo CP decorates 247 newly - promoted officers",""
"2023-08-28","Agencies team up for carseat safety | News, Sports, Jobs",""
"2023-09-17","【 casino deneme bonusu veren siteler 】 - top bet twitter ov25 fixed matches",""
"2023-09-25","Sheriff office, State Patrol team up for exhibit on dangers of excessive speed | News, Sports, Jobs",""
"2023-10-06","Departments respond to combine / field fire near Albion | News, Sports, Jobs",""
"2023-10-12","A history of Storm royalty",""
"2023-11-05","Kılıçdaroğlu loses party congress, Özel becomes new CHP leader",""
"2024-02-13","Landslide in the area where the İliç Gold Mine is located",""
"2024-02-20","A not so controlled burn between Albion and Marshalltown | News, Sports, Jobs",""
"2024-02-24","Marshall County Sheriff Office leads active shooter training for courthouse staff Friday | News, Sports, Jobs",""
"2024-03-20","Crescent Point Energy Corp.plans to change company name to Veren Inc . – Brandon Sun",""
"2024-03-20","Crescent Point Energy Corp.plans to change company name to Veren Inc . – Winnipeg Free Press",""
"2024-03-20","Crescent Point Energy Corp.plans to change company name to Veren Inc .",""
"2024-03-20","Crescent Point Plans Name Change to Veren",""
"2024-03-21","Crescent Point to Change Name to Veren, Cites Improved Portfolio",""
"2024-03-22","The Week in Canadian Press Releases: 10 Stories You Need to See",""
"2024-03-23","Varcoe: Hello Veren, see ya Crescent Point Energy, with a name change",""
"2024-04-06","The Proud And The Prejudiced (Part XIX) | The Jewish Press - JewishPress.com | As Told To Marcia Friedman | 26 Adar II 5784 – Friday, April 5, 2024",""
"2024-05-05","Tulkarem op: Doctors fighting for life of wounded officer",""
"2024-05-08","Crescent Point to Sell Non - Core Saskatchewan Assets to Saturn",""
"2024-05-10","Crescent Point Energy Becomes Veren Inc",""
"2024-05-10","Crescent Point Announces Q1 2024 Results",""
"2024-05-21","Result of the Annual General Meeting | Company Announcement",""
"2024-05-27","Veren: 2023 VRN ESTMA Filing - MarketScreener",""
"2024-06-03","Canadian Market Looks Headed For Weak Close ; Energy Stocks Fall",""
"2024-06-04","Saturn Oil & Gas Inc.Announces Proposed Private Offering of US$625 million of Senior Secured Second Lien Notes Due 2029",""
"2024-06-05","TSX Ends Notably Lower",""
"2024-06-07","Baystreet.ca - Stocks Slump Ahead of BoC Word",""
"2024-06-13","Canadian Market Down As Resources, Financials Stocks Tumble",""
"2024-06-14","Veren Announces Closing of Non - Core Asset Disposition",""
"2024-06-16","Baystreet.ca - Negative Week Ends, Mercifully",""
"2024-06-18","Veren Closes Sale of Saskatchewan Assets to Saturn",""
"2024-06-18","TSX Ends Marginally Up",""
"2024-06-19","Veren Inc.Announces Offering of Investment - Grade Senior Notes",""
"2024-06-20","Canadian Market Modestly Higher ; Materials Shares Rise On Firm Metal Prices",""
"2024-07-06","TSX Ends 0.8% Down As Energy, Financials Shares Decline",""
"2024-07-10","Transaction in Own Shares - Replacement | Company Announcement",""
"2024-07-10","Canadian Market Up Firmly In Positive Territory ; Resources Shares Rally",""
"2024-07-19","Baystreet.ca - Bank of Canada Decision Due Next Week",""
"2024-07-21","Atb Cap Markets Weighs in on Veren Inc.Q2 2024 Earnings (NYSE: VRN)",""
"2024-07-25","Veren Inc ., formerly Crescent Point Energy, sees profit rise in second quarter",""
"2024-07-25","Baystreet.ca - Veren Inc .",""
"2024-07-25","Canadian Market Recovering After Early Setback",""
"2024-07-25","North American Morning Briefing: Tech Selloff Ripples Through Global Markets ; GDP Data Awaited",""
"2024-07-28","Scottish slave trader descendant to apologise for hangings",""
"2024-07-31","Atb Cap Markets Research Analysts Lift Earnings Estimates for Veren Inc . (NYSE: VRN)",""
"2024-08-01","TSX Posts New Intraday, Closing Highs",""
"2024-08-01","Canadian Market Down Sharply On Widespread Selling",""
"2024-08-02","TSX Sheds 1.7%; Energy, Technology Stocks Among Major Losers",""
"2024-08-04","The secret life of Canadian oil tycoon Scott Saxberg",""
"2024-08-13","2Q24 Quarterly Portfolio Valuations & NAV | Company Announcement",""
"2024-08-16","TSX Ends 1.2% Up As Stocks Cheer Economic Data",""
"2024-08-20","Canadian Market Moderately Lower As Energy Stocks Fall",""
"2024-08-21","Interim Report for the six months to 30 June 2024 | Company Announcement",""
"2024-09-02","Signaturefd LLC Purchases New Shares in Veren Inc . (NYSE: VRN)",""
"2024-09-03","TSX Ends 1.3% Down ; Materials, Energy Stocks Tumble",""
"2024-09-09","Pembina signs $400M deal to buy midstream assets from Veren",""
"2024-09-09","Pembina Gas Infrastructure signs $400M deal to buy midstream assets from Veren",""
"2024-09-09","Canada Pembina Pipeline to buy midstream assets from Veren for about $400 - million",""
"2024-09-09","Canada Pembina Pipeline to buy midstream assets from Veren",""
"2024-09-09","KKR - backed PGI to buy Veren Gold Creek and Karr area oil batteries",""
"2024-09-09","Market movers: Stocks seeing action on Monday - and why",""
"2024-09-10","Pembina Gas Infrastructure to acquire Veren midstream assets",""
"2024-09-10","Pembina Gas to Acquire Veren Oil Batteries in Alberta",""
"2024-09-10","Pembina Pipeline to buy midstream assets from Veren in C$400M deal (NYSE: PBA)",""
"2024-09-10","Pembina Pipeline to Acquire Veren Midstream Assets in C$400M Deal - Core Laboratories (NYSE: CLB), VAALCO Energy (NYSE: EGY)",""
"2024-09-11","Veren Inc . (NYSE: VRN) Raises Dividend to $0.08 Per Share",""
"2024-09-12","Veren Inc . (NYSE: VRN) to Issue Dividend Increase – $0.08 Per Share",""
"2024-09-13","How Significant is Pakistan Oil Discovery ?",""
"2024-09-18","Canadian Market Modestly Lower In Cautious Trade Ahead Of Fed Move",""
"2024-09-18","TSX Retreats After Hitting New High, Snaps 4 - day Winning Streak",""
"2024-09-26","Encompass Capital Advisors LLC Purchases New Holdings in Veren Inc . (NYSE: VRN)",""
"2024-09-28","Ninepoint Partners LP Makes New Investment in Veren Inc . (NYSE: VRN)",""
"2024-09-30","Veren (VRN) versus Its Competitors Financial Review",""
"2024-09-30","Reviewing Veren (VRN) & The Competition",""
"2024-09-30","Equities Analysts Offer Predictions for Veren Inc.Q4 2024 Earnings (NYSE: VRN)",""
"2024-09-30","Monday analyst upgrades and downgrades for September 30, 2024",""
"2024-10-01","The Manufacturers Life Insurance Company Takes Position in Veren Inc . (NYSE: VRN)",""
"2024-10-01","Canadian Market Roughly Flat In Lackluster Trade",""
"2024-10-01","Sheriff office hosting Donuts with a Deputy at Hy - Vee | News, Sports, Jobs",""
"2024-10-01","TSX Ends Marginally Up As Energy Stocks Post Strong Gains",""
"2024-10-01","Now, the Uinta: Drillers are Taking Utah Oily Stacked Pay Horizontal, at Last",""
"2024-10-02","Head - To - Head Survey: Veren (VRN) & Its Competitors",""
"2024-10-03","Marshall Wace LLP Invests $3.53 Million in Veren Inc . (NYSE: VRN)",""
"2024-10-03","Veren (NYSE: VRN) Stock Price Up 5% – What Next ?",""
"2024-10-06","The 8.1% return this week takes Veren (TSE: VRN) shareholders five - year gains to 101%",""
"2024-10-09","87, 036 Shares in Veren Inc . (NYSE: VRN) Bought by Renaissance Technologies LLC",""
"2024-10-15","Hy - Vee hosts successful Touch a Truck event Saturday | News, Sports, Jobs",""
"2024-10-21","3Q24 Quarterly Portfolio Valuations & NAV | Company Announcement",""
"2024-10-24","Veren Inc . (NYSE: VRN): Among The 10 Oversold Canadian Stocks to Buy Right Now",""
"2024-10-25","Vance vies for the position of Shaunavon Mayor - SwiftCurrentOnline.com - Local news, Weather, Sports, Free Classifieds and Job Listings",""
"2024-10-29","Veren (VRN) Set to Announce Quarterly Earnings on Thursday",""
"2024-10-31","Veren (NYSE: VRN) Reaches New 12 - Month Low – Should You Sell ?",""
"2024-10-31","Veren Confirms Quarterly Dividend",""
"2024-10-31","Veren share price plunges as oil producer lowers output forecast",""
"2024-10-31","Veren reports $277.2 - million third - quarter profit, trims 2024 production guidance",""
"2024-10-31","Toronto Stocks Drop, Canada GDP Flat in August ; Bausch Health Rises on 3Q Beat",""
"2024-10-31","Bay Street Seen Opening On Weak Note",""
"2024-10-31","Canadian Market Headed For Weak Close",""
"2024-10-31","Baystreet.ca - So Long, October",""
"2024-10-31","Market movers: Stocks seeing action on Thursday - and why",""
"2024-11-01","Baystreet.ca - New Monthly Low for TSX",""
"2024-11-01","Varcoe: As oil producers tout TMX, attention turns to LNG Canada",""
"2024-11-02","Veren Inc.to Issue Quarterly Dividend of $0.12 (TSE: VRN)",""
"2024-11-04","TSX Today: What to Watch for in Stocks on Monday, November 4",""
"2024-11-08","Canadian Market Moderately Lower At Noon ; Energy, Materials Stocks Decline",""
"2024-11-13","Aigen Investment Management LP Makes New Investment in Veren Inc . (NYSE: VRN)",""
"2024-11-20","Transaction in Own Shares | Company Announcement",""
"2024-11-21","Investment Analyst Recent Ratings Updates for Veren (VRN)",""
"2024-11-21","Eric Nuttall Top Picks for November 21, 2024 – BNN Bloomberg",""
"2024-11-25","Stroll toward the holidays | News, Sports, Jobs",""
"2024-11-28","Critical Survey: Veren (NYSE: VRN) versus Legacy Reserves (OTCMKTS: LGCYQ)",""
"2024-11-30","Portland Investment Counsel Inc.Lowers Holdings in Veren Inc . (NYSE: VRN)",""
"2024-12-03","How to Use Your TFSA to Earn $5, 000 Per Year in Tax - Free Income",""
"2024-12-05","Latest Sask oil & gas Crown land sale brings in $11.39 million",""
"2024-12-16","Two South Mississippi organizations lend helping hand to families for last - minute Christmas gifts",""
"2024-12-23","Canadian Market Modestly Higher In Cautious Trade",""
"2024-12-23","For Canada, this is hardly a time to project weakness and disorder, says National Bank economists",""
"2024-12-24","TSX Ends Shortened Session On Firm Note",""
"2024-12-25","Why Veren Inc . (VRN) Is Skyrocketing - Insider Monkey",""
"2024-12-25","Why These 10 Stocks Are Skyrocketing - Insider Monkey",""
"2024-12-25","Baystreet.ca - TSX Finishes on Up Note Before Christmas",""
"2025-01-01","TSX Ends Final Session Of 2024 On Firm Note, Posts Yearly Gain Of 18%",""
"2025-01-02","Canadian Market Remains Firm Despite Coming Off Early Highs",""
"2025-01-07","Canadian Market Pares Early Gains, Down Slightly At Noon",""
"2025-01-09","Maximum TFSA Impact: 2 TSX Stocks to Help Multiply Your Wealth",""
"2025-01-13","Canadian Market Headed For Another Weak Close",""
"2025-01-15","Trump Tariff Threat Starts to Ripple Through Canadian Oil Sector",""
"2025-01-22","Still time to sign - up and volunteer for the Publix Gasparilla Distance Classic",""
"2025-01-22","TSX Today: What to Watch for in Stocks on Wednesday, January 22",""
"2025-01-25","Dedicated volunteer Dan Brandt, who served the MPD for 53 years, laid to rest Friday | News, Sports, Jobs",""
"2025-01-29","Baystreet.ca - TSX Surges as BoC Lowers Rate",""
"2025-01-29","Ten dividend stocks to weather market turbulence",""
"2025-02-04","Canadian Market Moderately Higher, Looks Set To End Session On Firm Note",""
"2025-02-13","How Indian classical dance celebrates love",""
"2025-02-20","Veren Announces Q4 & Full Year 2024 Results Conference Call",""
"2025-02-27","Veren Announces Filing of Annual Information Form and Form 40 - F",""
"2025-02-27","Oil and gas producer Veren reports $146.8M fourth - quarter profit – Brandon Sun",""
"2025-02-27","Veren shares jump as oil and gas producer announces improved well performance",""
"2025-02-27","Oil and gas producer Veren reports $146.8M fourth - quarter profit",""
"2025-02-27","Oil and gas producer Veren reports $146.8 - million fourth - quarter profit",""
"2025-02-28","Canadian Market Down In Negative Territory On Tariff Concerns",""
