date,headline,label
2017-01-02,Polonyada kebapçıdan içki çalan gencin bıçaklanarak öldürülmesi yabancı karşıtı eylemlere yol açtı,-0.06827988475561142
2017-01-03,İsrailli siyasetçilerin rüşvet ve yolsuzluk skandalları,-0.04958103969693184
2017-01-04,Paris metrosunda ırkçılık yapan Chelsea taraftarlarına hapis cezası,-0.014844841323792934
2017-01-04,Gerda Wegenerin kadınları bu sergide,-0.06788071244955063
2017-01-04,Yargı kararı İsraillileri memnun etmedi,0.02080012857913971
2017-01-05,Avrupa 2017 ye birbirinden iddialı filmlerle girdi,0.20659440755844116
2017-01-08,Dört göçmen donarak can verdi,-0.004658634774386883
2017-01-08,İngiltere Başbakanı Mayden Brexit açıklaması,0.02080012857913971
2017-01-08,Yaşamın Kıyısında tabuları yıkmaya geliyor,0.02080012857913971
2017-01-08,Soarezin ardından: Yeri doldurulamayacak birini kaybettik,0.045863695442676544
2017-01-09,The Doors 50.yılını hayranlarıyla kutladı,0.021992214024066925
2017-01-09,ABD: Kuzey Koreden gelecek olası füzeyi düşürmeye hazırız,-0.02536933124065399
2017-01-10,Meksika ekonomik teşvik paketi açıkladı,0.02080012857913971
2017-01-11,Suriyede muhaliflerle rejim Barada Vadisine teknisyenlerin girmesi konusunda anlaştı,-0.04870240017771721
2017-01-11,ABD Senatosu Trump ın aday gösterdiği Tillersona onay verecek mi ?,-0.10992282629013062
2017-01-12,Avrupa yapımları sinemalarda,-0.030744602903723717
2017-01-13,Gazzede gerilim yüksek ama elektrik yok,0.1655491590499878
2017-01-13,Garantör devletler Kıbrıs konferansından umutlu ayrıldı,0.02080012857913971
2017-01-14,Sırbistan dan yeni provokasyon,0.07671894878149033
2017-01-16,Brezilyada uyuşturucu çeteleri hapishanede çatıştı: En az 30 ölü,0.10643677413463593
2017-01-18,İngiltere nin Brexit stratejisine Brüksel den tepki,-0.08648263663053513
2017-01-18,Samsungun başkan yardımcısı Lee Jae,0.03673922270536423
2017-01-19,M.Shyamalan ın yeni filmi Split Şubat ta vizyonda,0.00901409238576889
2017-01-19,İtalya da çığ altında kalanlara ulaşılmaya çalışılıyor,0.1088489517569542
2017-01-20,Obama ve Trump başkan olarak son kez aynı karede,-0.05948281288146973
2017-01-21,İtalya da çığ felaketi: 8 kişi kurtarıldı,0.09669415652751923
2017-01-21,Trumptan ilk icraat: Sağlık sigortası rafa kalktı,0.005435798317193985
2017-01-22,Trump ın görevi devralmasıyla İsrail den Doğu Kudüs te 566 yeni konuta onay,-0.04169460013508797
2017-01-25,Güney Kore Cumhurbaşkanı Park ın azledilmesine neden olan arkadaşı suçlamaları reddetti,-0.12843959033489227
2017-01-26,Irak ordusunun bir sonraki hedefi Musulun batı yakası,-0.21781322360038757
2017-01-27,Gambiya Devlet Başkanı Barrow: Nihayet evimdeyim,-0.3225443363189697
2017-01-29,Fransada Sosyalistlerin Cumhurbaşkanı adayı Benoit Hamon,-0.371120423078537
2017-01-31,Trump vize yasaklarına karşı çıkan bakanı görevden aldı,-0.012220214121043682
2017-01-31,Ukrayna nın doğusunda gerilim düşmüyor,0.02080012857913971
2017-01-31,Ukrayna nın doğusu son haftaların en kanlı çatışmalarına sahne oldu,0.13098566234111786
2017-02-02,Ukrayna ordusu çatışma bölgesinden sivilleri tahliye etmeye başladı,0.02080012857913971
2017-02-03,Trump İsrail e ilk uyarısını yaptı: Yerleşim birimlerini durdur,-0.109093077480793
2017-02-04,Local law enforcement out in force this weekend,-0.1971520334482193
2017-02-05,Trump yönetimi yargıcın vize yasağını kaldıran kararını temyize götürdü,-0.06063220649957657
2017-02-06,Kuantum bilgisayarlar 10 yıl sonra hayatımıza girecek,0.009120498783886433
2017-02-06,Donald Trump başkanlık talimatını durduran hukuk sistemini suçladı: Mahkemeler işi zorlaştırıyor,-0.026518836617469788
2017-02-06,Trump ın vize yasakları yargıdan döndü,0.001984168076887727
2017-02-07,Filistin Devlet Başkanı Abbastan felaket uyarısı,-0.35550040006637573
2017-02-08,Fransa siyasi gündemine skandallar damgasını vurdu,0.02080012857913971
2017-02-08,İngiltere Amerika Kupası na Rita ile yelken açacak,0.11285890638828278
2017-02-11,Türk askeri ve muhalifler El Bab kasabasına girdi,0.26301202178001404
2017-02-13,Fransız banliyölerinde patlak veren şiddet olayları sürüyor,0.02080012857913971
2017-02-14,İslam karşıtı Geert Wilders anketlerde ilk sırada,-0.1518549919128418
2017-02-15,Sporun Nobelleri sahiplerini buldu,0.02080012857913971
2017-02-18,François Fillon eşiyle ilgili soruşturmaya rağmen yarıştan çekilmeyecek,0.15698352456092834
2017-02-19,Son FARC gerilaları da silah bıraktı,0.1020294800400734
2017-02-22,Kunstenaar maakt opvallende kunst met vlam van Zippo,0.08074240386486053
2017-02-22,Lakers umudunu Magice bağladı,0.08712691813707352
2017-02-22,Libya açıklarında göçmen trajedisi,-0.11372341960668564
2017-02-24,BMden Çad Gölü bölgesine acil yardım,0.014444136992096901
2017-02-27,İtalya da ötenazi tartışması yeniden alevlendi,0.1088489517569542
2017-02-28,Adventures through the Multiverse ..,-0.15851467847824097
2017-02-28,Deniz Yücel in tutuklanmasına tepkiler,0.028395989909768105
2017-02-28,AB Sınır Güvenliği Direktörü nden göçmen kurtaran STKlara eleştiri,-0.016618287190794945
2017-03-01,BMden Yemen için kıtlık uyarısı,-0.06489688158035278
2017-03-02,Palmira nın kontrolü tekrar Suriye ordusunda,-0.04837075248360634
2017-03-10,Stookholmde suç şebekelerinin endişe veren yükselişi,0.02080012857913971
2017-03-10,Use Anal Whore Sara Rectal Invasion Porn Videos Oral Jobs Porn Young Big Tits Babe Eaten Out And Fucked By Bald Stud,0.06764636933803558
2017-03-12,Designated O Driver for St.Patty Day,0.11877427250146866
2017-03-16,Ai Weiwei Praga dev bir mülteci botu yerleştiriyor,0.200423926115036
2017-03-28,Forum thread: WHY TURKS SO MAD,-0.09333052486181259
2017-04-04,Protesters keep up pressure on Paraguay government,-0.40918704867362976
2017-04-23,Chase leads to man being tased,-0.1662466824054718
2017-04-25,surcelikkapi.com Sur Çelik Kapı,0.006969473324716091
2017-04-26,Sheriff office: Beware of farm machinery on the roadways,-0.27567967772483826
2017-04-28,Zor koþullar için yaþam keki ürettiler,0.10415255278348923
2017-04-28,Kendi ölümünü bilen madenciden korkunç 3.Dünya Savaþý kehaneti,-0.060556910932064056
2017-05-02,Umutlarýný gökyüzüne saldýlar,0.02080012857913971
2017-05-05,Ölen Þehir Civita Di Bagnoregio hakkýnda bilmedikleriniz,0.2676768898963928
2017-05-06,"Deputy: Distracted, impaired driving a concern",-0.6527461409568787
2017-05-06,FETÖ firarisi Emre Uslu ABDnin Virginia eyaletinde görüntülendi,-0.11283889412879944
2017-05-12,Japonlarýn akýllara durgunluk veren icatlarý,0.02080012857913971
2017-05-15,Ministry of Health and Prevention hosts regional conference to ensure better healthcare and patient safety,0.32988888025283813
2017-05-16,Akýllara durgunluk veren kaçakçýlýk yöntemleri,0.02080012857913971
2017-05-16,Kamuya 61 bin 500 personel alýmý yapýlacak ! Ýþte iþ alýmý için aranan þartlar ...,0.2139633744955063
2017-05-17,Savaþ gemisine ziyaretçi akýný,0.02080012857913971
2017-05-21,PKK lý teröristlerin bir yalaný daha ortaya çýktý !,-0.22396963834762573
2017-05-24,1965 Porsche yenilendi,0.16708554327487946
2017-05-26,Gündem ve haberleri Akþam Gazetesi yazarlarýndan takip edin (26 Mayýs 2017),-0.10052017122507095
2017-05-27,Hurma alacaklar dikkat !,0.12153845280408859
2017-05-29,Claims about former AKP MP links to Gülen removed from Turkish coup panel report,-0.4827084541320801
2017-05-29,Ramazanda aðýz kokusu nasýl giderilir ?,-0.059842392802238464
2017-06-01,En sevimli davetsiz misafirler,0.028954461216926575
2017-06-01,En çok maaþ veren teknoloji firmalarý açýklandý,0.028954461216926575
2017-06-06,Sosyal medyanýn eðlenceli akýmý hýzla dünyaya yayýlýyor,0.02080012857913971
2017-06-08,Ýþte Türkiye nin Katardaki askeri üssü,0.24687616527080536
2017-06-08,Gündem ve haberleri Akþam Gazetesi yazarlarýndan takip edin (8 Haziran 2017),-0.1124553456902504
2017-06-17,Putinden 15 Temmuz yorumu: FETÖ darbe giriþiminde yer aldýysa ABDnin bilmemesi çok zor,0.14061811566352844
2017-06-19,Man behind bars following high,-0.11363586038351059
2017-06-20,creasoup.com Creasoup,0.02080012857913971
2017-06-21,"Daily Record, June 21, 2017",0.07711342722177505
2017-06-27,Gündem ve haberleri Akþam Gazetesi yazarlarýndan takip edin (27 Haziran 2017),-0.10316934436559677
2017-07-02,Adanadaki buz fabrikasý günde 30 ton buz satýyor,0.0070464638993144035
2017-07-05,Japonlarýn hayranlýk veren treni,0.0421428307890892
2017-07-11,Dünyanýn en pahalý okulu Ýsviçre de,0.0022015278227627277
2017-07-11,Yediðiniz besinlere dikkat !,0.12153845280408859
2017-07-14,Who is Fetullah Gülen ?,-0.12352615594863892
2017-07-16,Waterford News and Star,0.2654097378253937
2017-07-16,Irish man who became unsuspecting star of Wimbledon to auction skirt for charity,-0.27866724133491516
2017-07-18,Pekmezin yararý saymakla bitmiyor,0.02080012857913971
2017-07-26,hacialioglucigkofte.com Hacıalioglu Çiğ Köfte,0.06052205339074135
2017-07-26,En saðlýksýz 30 besin,-0.013397888280451298
2017-07-28,33rd annual Steam Threshing and Plowing Show slated for Aug.4,0.18377900123596191
2017-07-29,Bu tünelin Türkiyede baþka bir eþi yok,-0.10597623139619827
2017-07-31,Society For News Design,0.1300605684518814
2017-08-02,Dünyanýn en saðlýksýz 30 besini açýklandý,-0.02056111767888069
2017-08-05,Keeping farm machine history alive,0.03720273822546005
2017-08-10,Tarihi Karagümrük Stadý aslýnda bir su sarnýcý,0.07490483671426773
2017-08-11,Çinliler ile Çaykur Rizede ortak fabrika kurdu,0.23299087584018707
2017-08-13,Maganda kurþunu ile yaralanan liseli Ahmet 2 yýl 11 gün sonra hayatýný kaybetti,-0.027367036789655685
2017-08-15,Child car seat safety event returns,-0.08718690276145935
2017-08-17,Adanada ezan kavgasý: 2 yaralý,0.023523828014731407
2017-08-29,Drive sober or get pulled over,-0.3006989061832428
2017-08-29,Bank of America Corp .,0.03552606701850891
2017-08-31,Ýstanbula tehlikeli iniþ !,0.12153845280408859
2017-09-06,Hangi ülke vatandaþlýk için ne kadar para istiyor ?,-0.026377102360129356
2017-09-09,Uçaklarda ayakta yolcu dönemi,0.02080012857913971
2017-09-11,"GAUDETE BRASS WITH RED STAR BRASS AT PRITZKER PAVILION, MILLENNIUM PARK « WFMT: The Dame Myra Hess Memorial Concerts",0.2971218526363373
2017-09-13,WhatsAppa sonunda atýlan mesajý silme özelliði geliyor,0.02080012857913971
2017-10-06,Mehmet Altan: The law or law of the enemy ?,-0.22625812888145447
2017-10-12,Burun týkanýklýðýný 25 saniyede geçiren yöntem,-0.0303694698959589
2017-10-16,Somalide bombalý saldýrýda can kaybý 300 ü aþtý,-0.14011025428771973
2017-10-16,Bu siyasi lideri tanýdýnýz mý ?,-0.13881078362464905
2017-10-17,Araç sahipleri dikkat ! Artýk muayeneden geçemeyecek ...,0.13486313819885254
2017-10-18,Aðaçlarý binanýn içinde býraktý,0.02080012857913971
2017-10-19,Fi dizisi hakkýnda her þey,0.004090672824531794
2017-10-26,"Giresunda yakalanan terörist yer gösterdi, sýðýnaklar bulundu",-0.13736885786056519
2017-10-27,Tam bir yýldýr beklenen özellik sonunda WhatsAppa geldi,-0.12087137252092361
2017-10-28,Sosyal medyada en çok yapýlan hatalar,-0.07491656392812729
2017-10-31,Kahve telvesinin faydalarý saymakla bitmiyor,0.02080012857913971
2017-11-02,Rusya süpermen zýrhý ný tanýttý,0.02080012857913971
2017-11-03,Ýþte en fazla kazandýran meslekler ! Yýllýk kazançlarý þaþýrtýyor,0.1129944920539856
2017-11-13,insanlar gibi poz veren hayvanlar,-0.018258623778820038
2017-11-13,Traffic gives way to public spaces in Almaty,0.0791269913315773
2017-11-14,"Daily Record, Nov.14, 2017",0.09507111459970474
2017-11-16,Milyonlarca asgari ücretli korumaya alýndý,-0.05832315608859062
2017-11-28,Bülent Serttaþ Maria Sharapova fotoðrafýyla ilgili konuþtu,0.14126451313495636
2017-12-04,Avustralyada meclis kürsüsünden evlilik teklifi,0.02080012857913971
2017-12-08,Tam bir felaket kollarý bakýn neden bu hale geldi,-0.05463942140340805
2017-12-10,Mısır da yeni arkeolojik keşif,0.10674525797367096
2017-12-10,Filistinlilerin öfkesi dinmiyor,0.02080012857913971
2017-12-12,Sarýmsaðýn faydalarý nelerdir ?,-0.021186282858252525
2017-12-12,En komik araç yazýlarý,0.028954461216926575
2017-12-14,"Daily Record, Dec.14, 2017",0.09507111459970474
2017-12-18,Zayýflatan meyve ve sebzelerin listesi,-0.02692665345966816
2018-01-03,Kanser cerrahisinde 3D teknolojisi,0.02080012857913971
2018-01-05,Broadway star Ben Vereen sexually harassed Hair actresses,-0.5366516709327698
2018-01-05,"Benjamin Fulford: March 8, 2016",-0.1240055188536644
2018-01-06,CHP FETO report exposes continued AKP - FETO relationship after 15 July,-0.3334503173828125
2018-01-08,Ahmet Hakan zeytin dalý uzattý Þeyma Subaþý bakýn ne yanýt verdi - Dünya Fotolarý,0.10251647233963013
2018-01-16,Afrinden sonra Fýratýn doðusu - Güncel Fotolarý,0.019490938633680344
2018-01-16,Kan aðlayan aðacýn sýrrý ne ? - Dünya Fotolarý,0.02652566134929657
2018-01-26,Döner Kanat Vurucu Ýnsansýz Hava Aracý Kargu TSKya teslim edildi - Güncel Fotolarý,-0.042520906776189804
2018-01-26,Beyne ilaç veren beyin implantý geliþtirildi - Magazin Fotolarý,-0.12188208848237991
2018-01-29,Türkiyedeki Suriyeli Mülteciler: Kentsel Gerilimleri Azaltmak,0.04010932147502899
2018-01-30,"Florida 4 - H Hall Of Fame Member Francis Robert Gindl, Sr.Passes Away",0.26048460602760315
2018-02-01,Mezar açýlýnca þok eden gerçekle karþýlaþtýlar ! - Güncel Foto Galeri,0.16416971385478973
2018-02-02,Almanyada sığınmacılar için önemli oylama,0.02080012857913971
2018-02-05,Türkiye Afrinde tankı vuran füzenin izini sürüyor,0.010684843175113201
2018-02-05,Rusya İdlibe saldırılarını yoğunlaştırdı,0.02080012857913971
2018-02-05,Siyanür içtim bana dokunmayýn notu býrakýp intihar etti - Güncel Fotolarý,-0.058767564594745636
2018-02-06,Süper Ligin zirvesi yara aldı haftanın kazananı Kayseri oldu,0.16343089938163757
2018-02-06,Ýnanýlmaz deðiþim - Dünya Fotolarý,0.03872743248939514
2018-02-06,Kılıçdaroğlu: Türkiye hiç olmadığı kadar yalnız,-0.0011712006526067853
2018-02-07,Kara Harp Okulu davasında 60 sanığa müebbet hapis,0.17305167019367218
2018-02-09,53 liranýn peþine düþen adam kýrdý geçirdi - Güncel Foto Galeri,0.041878070682287216
2018-02-10,TSK: Afrinde bir ATAK helikopteri kırıma uğradı,0.04055115953087807
2018-02-11,Kendi ölümünü bilen madenciden korkunç 3.Dünya Savaþý kehaneti - Akþam akdeniz Fotolarý,-0.014255373738706112
2018-02-14,İtalyada sıra dışı karnaval,0.02080012857913971
2018-02-17,Timsahlarla yakýnlýðý korkuttu - Güncel Foto Galeri,0.14154654741287231
2018-02-23,Uluslararası Af Örgütü: Dünya korku ve baskıyla yönetiliyor,-0.002426118589937687
2018-02-24,OIC Rusya kararını görüşüyor,0.0019051426788792014
2018-02-25,Rusya olimpiyatlara geri dönüyor,0.16712763905525208
2018-02-26,Samsung Galaxy S9 ve S9 Plu ın özellikleri,-0.19285841286182404
2018-02-27,Yeni nesil ÝHAlar yerli gözle uçuyor - Ekonomi Fotolarý,0.10945003479719162
2018-02-27,Suudi Arabistan ordusunda deprem,0.02080012857913971
2018-02-27,20 yaþ küçük sevgilisiyle evleniyor ! Ýþte düðün tarihi - Magazin Fotolarý,0.19960817694664001
2018-02-27,F - 35 e ambargo söz konusu deðil - Dünya Fotolarý,-0.01958291605114937
2018-03-01,Slovak gazeteci Kuciak ın cinayetine ilişkin 7 kişi gözaltında,0.08468345552682877
2018-03-01,Rusya: Türkiye ile imzalanan S - 400 anlaþmasý her iki tarafý da memnun etti - Ekonomi Fotolarý,-0.003253130940720439
2018-03-02,İtalyada aşırı sağ zafere bir adım uzakta,-0.032681386917829514
2018-03-05,Ninja olmanın sırları,0.12188394367694855
2018-03-05,Show TV reyting rekortmeni diziye final mi yaptýrýyor bu karar þok ! - Ekonomi Fotolarý,0.17112146317958832
2018-03-07,Suudi kadınlar trafiğe çıkmaya hazırlanıyor,0.02080012857913971
2018-03-07,Şampiyonlar Ligi: Real Madrid ve Liverpool çeyrek finalde,-0.10254687815904617
2018-03-07,Barbieden Dünya Kadınlar Günü için Sheroes,0.05704551190137863
2018-03-09,Dont rely on the luck o the Irish,0.0077515859156847
2018-03-10,İstanbulda bir taksi şoförü Uber aracına bıçakla saldırdı,0.04811229184269905
2018-03-11,Çin devlet başkanlığında iki dönem sınırı kalktı,-0.4227769076824188
2018-03-11,U2 nun vokalistinden özür,-0.02114274352788925
2018-03-12,İngiltere Başbakanı eski ajanın zehirlenmesinden Rusyayı sorumlu tuttu,0.037331677973270416
2018-03-12,Afrini halk terk ediyor,-0.055799055844545364
2018-03-12,Dondurmaya zavallı Yahudi adını veren yetkililere tepkiler büyüyor,-0.17800992727279663
2018-03-12,Belçikada et skandalı tartışmaları büyüyor,0.06305931508541107
2018-03-13,Kürt gruptan Avrupa ülkelerine Afrin tehdidi,-0.1140381321310997
2018-03-18,Rusya yeni liderini seçiyor,-0.06496869772672653
2018-03-19,Epsilon ürettiði kompozit parçalarla helikopterlerin korunmasýný saðlýyor - Akþam akdeniz Fotolarý,0.02169976942241192
2018-03-21,Safety behind the wheel,-0.41459038853645325
2018-03-21,Yosakoi renkleri ve Wadaiko ritimleri,-0.02692665345966816
2018-03-25,Osmanlı hayali kuranlar 1821 i hatırlasın,-0.07050492614507675
2018-03-28,Rusyada gözyaşı ve dua,0.1402113437652588
2018-03-28,Kemerovo yangınında ölenler son yolculuğuna uğurlanıyor,-0.050849977880716324
2018-03-29,Rusya yangında yitirdiklerini uğurluyor,0.02080012857913971
2018-03-29,ABD askerlerini Türkiye korkusu sardý - Dünya Fotolarý,0.06855615228414536
2018-03-30,Doğu Guta son bir ayda 871 sivil hayatını kaybetti,-0.23045672476291656
2018-03-31,Papa Paskalya öncesinde Kutsal Cuma vaazını verdi,-0.03925856202840805
2018-03-31,İngiltere: Havalimanında yangın,0.023266248404979706
2018-04-02,Ünlüler Zeytin Dalý Harekatý na destek için sýnýra gitti - Spor Fotolarý,0.11911574006080627
2018-04-02,Muppet Showun yaratıcıları belgeselde buluştu,0.16828042268753052
2018-04-03,Suudi veliaht prensinden İsrail açılımı,0.02080012857913971
2018-04-04,Antalya emniyetinin Lara Croftu meslektaþlarýný eðitiyor - Ekonomi Fotolarý,0.06908878684043884
2018-04-04,Kaliforniya çöllerinde Volkswagenin dizel mezarlığı,0.02080012857913971
2018-04-05,Futbola gönül veren gençler F4F Dostluk İçin Futbol Turnuvası nda buluştu,0.06625944375991821
2018-04-05,Újabb trófeát hódított el a Real Madrid,0.057634588330984116
2018-04-05,Στη Ρεάλ Μαδρίτης το Κύπελλο « F4F »,0.20289283990859985
2018-04-05,еал отмечен наградой Футбола для дружбы,0.04750470072031021
2018-04-06,Güney Korenin eski Devlet Başkanı Park Geun - hye suçlu bulundu,-0.11264871060848236
2018-04-06,Tunusta ziyaretçilerine Ayda yürüyormuþ hissi veren bölge: Ayn Þerþare - Yaþam Fotolarý,0.12107443064451218
2018-04-09,Macaristanda 85 yıl sonra mecliste Alman azınlığı temsil edecek olan Imre Ritter kimdir ?,-0.7148256897926331
2018-04-09,"Yangtze her yıl 1, 5 milyon ton plastiği denize döküyor",-0.19323232769966125
2018-04-10,Türkler en fazla AB vatandaşlığı alanlar arasında,0.08277618139982224
2018-04-13,Nobel cinsel taciz skandalı ile sarsıldı,-0.028834214434027672
2018-04-13,Pensilvanyada öğretmenlere beyzbol sopası,0.02080012857913971
2018-04-14,CIA: Suriyedeki hava saldırılarında yüzlerce Rus öldü,-0.1334095001220703
2018-04-16,40 hours of non - stop tunes for Magnetic Island,-0.05685587227344513
2018-04-17,Driving high ? Kiss your license goodbye !,0.23005551099777222
2018-04-17,Örümcek yiyerek korkusunu yendi,-0.1254652589559555
2018-04-17,Uzatılması gündemde olan OHALin 20 aylık bilançosu,-0.406220406293869
2018-04-17,Bilim insanları plastiği yiyen yeni bir emzim türü buldu,0.22905956208705902
2018-04-20,Η εύκολη η πρόσβαση των τρομοκρατών στα όπλα,-0.1581609845161438
2018-04-21,Natalie Portman İsrailin milyon dolarlık ödülünü geri çevirdi,0.011101316660642624
2018-04-21,Nikaraguadaki protestolarda 10 kişi hayatını kaybetti .,0.04644005000591278
2018-04-22,Salah Abdüsselam ın Belçikadaki davası sonuçlanıyor,-0.023952974006533623
2018-04-23,Sakız Adası nda göçmenlere ırkçı saldırı,-0.07247750461101532
2018-04-25,Türkiyenin ilk þova dayalý havacýlýk fuarý Eurasia Airshow bugün baþlýyor - Yaþam Fotolarý,-0.07179712504148483
2018-04-27,Çavuşoğlu: Kıbrıs sorununa ilişkin yeni bir yol haritası belirlenecek,0.17464232444763184
2018-04-30,Necati Þaþmaz geri dönüyor ! Ýþte Kurtlar Vadisinin yeni kanalý - Teknoloji Fotolarý,0.27258482575416565
2018-05-04,Province funds 60 new paramedic positions,0.09569603949785233
2018-05-04,Aktör Cosby ve yönetmen Polanski Akademiden ihraç edildi,0.004502554889768362
2018-05-04,Meriç Nehrinde can pazarı,0.11690180748701096
2018-05-08,Savunma Sanayii Müsteþarý Ýsmail Demir: S - 400 de takvime uyulacak - Dünya Fotolarý,0.12920637428760529
2018-05-09,"Premiere: Ric Wilson Connects With Kweku Collins, Nick Kosma, and Rane Raps on Sinner",-0.0902421697974205
2018-05-10,Ric Wilson Teams Up With Kweku Collins On Funky New Track,0.2729507088661194
2018-05-10,Polanski Oscar Akademisine dava açmaya hazırlanıyor,0.07702355831861496
2018-05-11,Eurovisionda büyük final heyecanı,0.06912080943584442
2018-05-11,Brexit kampanyası yapan Leave.EUya 70 bin Pound ceza,-0.051983535289764404
2018-05-13,A Parent and a Protector,0.03588926047086716
2018-05-15,Erdoğandan ABDye: Hakan Atillayı suçlamak Türkiyeyi suçlu ilan etmektir,-0.10909128189086914
2018-05-18,Stream Ric Wilson – BANBA EP | Track By Track | New Music,0.3140455186367035
2018-05-18,KOBİ kümelenmesinin önemi,0.02080012857913971
2018-05-21,Fenerbahçe Doğuş EuroLeague ikincisi,-0.14205047488212585
2018-05-21,Kertenkele derisi üzerine araştırmalar,0.00843027327209711
2018-05-22,Marks and Spencer 100 den fazla mağaza kapatacak,0.13448920845985413
2018-05-22,Reading the Wheel of Time: Two Rivers or Aielman in Robert Jordan s The Eye of the World (Part 14),-0.052309300750494
2018-05-22,Jodie Foster suçluların hemşiresi oluyor,0.23540277779102325
2018-05-22,ABDli ünlü empresyonist ressam Mary Cassattin eserleri Pariste ziyaretçilerini bekliyor,-0.029108736664056778
2018-05-24,"Frida Kahlo oyuncak bebek değil, o bir ressam",0.33608120679855347
2018-05-24,MH17 yi vuran füze Rusyaya ait,0.2611837685108185
2018-05-25,AB Zuckerbergi sorguladı,-0.016618287190794945
2018-05-25,"The Wheel of Time Re - read: Lord of Chaos, Part 31",-0.012016035616397858
2018-05-28,Yunanistan tek kullanımlık plastik pipetlere son veriyor,0.2319801300764084
2018-05-28,İtalyada belirsizlik yatırımcıları endişelendiriyor,0.02080012857913971
2018-06-03,Yemenin El - Hudeyde ilinde tansiyon yükseliyor,-0.07204696536064148
2018-06-04,Facebookta yeni açık: Akıllı telefonlar gizli kişisel bilgilere erişebiliyor,-0.05242418870329857
2018-06-04,"The Wheel of Time Re - read: Knife of Dreams, Part 7",-0.002826761221513152
2018-06-04,Fransa belgesiz kahramanlara yapılan çifte standardı tartışıyor,0.02080012857913971
2018-06-05,Muharrem İnce: İmam hatipleri kapatmayacağım,0.005521103274077177
2018-06-05,"Meral Akşener, Googleda hangi kelimeleri satın aldı ?",-0.08834041655063629
2018-06-05,Tesla hidderları Elon Musk ın görevden alınmasını oylayacak,-0.11774730682373047
2018-06-05,Milli marşta diz çöken şampiyon takımın Beyaz Saray davetine Trump engeli,0.03986717760562897
2018-06-07,Donald Trump ın Beyaz Sarayda ilk iftarı,-0.06354675441980362
2018-06-07,Başörtüsü takarak Müslüman kadınlara destek kampanyası,0.02080012857913971
2018-06-07,Putin Batı yı Dünya Kupası ile etkilemek istiyor,-0.11968782544136047
2018-06-08,"There a better way to travel, and it much slower",0.21799226105213165
2018-06-08,"The Wheel of Time Re - read: The Gathering Storm, Part 1",-0.00032360892510041595
2018-06-08,BM Güvenlik Kurulunun yeni geçici üyeleri kimler oldu ?,0.11855246871709824
2018-06-09,"The Wheel of Time Re - read: The Gathering Storm, Part 14",-0.0002707379753701389
2018-06-10,20 yıllık Yahoo Messenger kapanıyor,0.17045782506465912
2018-06-10,Ukraynada aşırı sağcı grup Roman kampına saldırdı,0.13161835074424744
2018-06-11,Akdenizde ölüm kalım mücadelesi veren göçmenlere İspanyadan yardım eli,0.0246895644813776
2018-06-11,Akşener: AK Parti bana güçlü başbakan yardımcılığı teklif etti,-0.007188787218183279
2018-06-11,Göçmenler Akdenizde sıkıştı.Kötü hava şartları ve güvenlik sorunu nedeniyle 629 göçmenin İspanya yolculuğu iptal edildi,0.04876629635691643
2018-06-11,"Hasta köpekcik, Akıl hastası, Roket adam: Trump ve Kimin hakaret arşivi",-0.03500973805785179
2018-06-12,Akdenizde göçmenleri taşıyan gemi İspanyaya dümen kırdı,0.02080012857913971
2018-06-12,Donald Trump - Kim Jong - un görüşmesi: Savaşın eşiğinden müzakere masasına,0.011893173679709435
2018-06-14,Dorothy May (Edler) Blood,-0.3831893801689148
2018-06-15,Yunanistanda bir köpeğe Merkel ismi verildi,-0.00737741170451045
2018-06-16,Araştırma: Kanadalıların yüzde 70 i ABD mallarını boykot etmek istiyor,0.07422743737697601
2018-06-17,Papa kürtajı Nazilerin soy ıslahına benzetti,0.15578371286392212
2018-06-18,Panama ilk Dünya Kupası macerasından başı dik ayrılmak istiyor,-0.005686910357326269
2018-06-19,Iowa rural roads are far more deadly than city highways,-0.4784853160381317
2018-06-19,Rubik Küp Dünya Şampiyonası finallerine dört kişi kaldı,0.09123529493808746
2018-06-20,Picasso Brooklynde çim biçiyor,0.07607108354568481
2018-06-20,Suruç taki kavganın güvenlik kamerası görüntüleri yayınlandı,-0.20407187938690186
2018-06-21,Çavuşoğlu: YPG 4 Temmuzda Menbiç ten çekilmeye başlıyor,-0.11513744294643402
2018-06-22,Türk Borçlar Kanunu Uyarınca Tahliye Taahhüdü - Real Estate and Construction,0.1184215247631073
2018-06-22,Yorumcular günün en zevkli maçı diyor: Sırbistan - İsviçre,-0.059100981801748276
2018-06-23,Suudi Arabistanda kadın sürücüler için geri sayım başladı,-0.21207661926746368
2018-06-23,Çocuğu tokatlayarak vaftiz eden rahip Fransayı ayağa kaldırdı,0.038881298154592514
2018-06-25,Erdoğana oy veren Türkler Avusturyayı terk etsin,0.17414960265159607
2018-06-25,TÜSİAD: Hukuk devletinin ve özgürlüklerin en ileri demokrasiler düzeyinde tesisini bekliyoruz,0.13159456849098206
2018-06-25,Barselona turist değil mülteci istiyor,0.02080012857913971
2018-06-26,Yeryüzünde günler uzuyor,0.02080012857913971
2018-06-27,İzmirde Cumhurbaşkanı Erdoğana küfrettiği iddia edilen 5 kişi tutuklandı,0.04163900762796402
2018-06-27,Fransada 16 yaşındakilere zorunlu ulusal hizmet geliyor,-0.005125854164361954
2018-06-27,Merkel koalisyon hükümetini kurtarmak için AB zirvesine bel bağladı,-0.09320710599422455
2018-06-28,İnceden teşekkür mesajı: Türkiye hepimizin Türkiyesi olana dek yolculuğumuz devam edecek,0.1152329370379448
2018-06-30,Trump: Putine Rusyanın ABD seçimlerine müdahalesini soracağım,-0.0060484460555016994
2018-07-02,Japonyayı uzatma dakikalarında bulduğu golle mağlup eden Belçika çeyrek finalde,-0.13949476182460785
2018-07-02,Fransa Cumnhurbaşkanı Macrondan Afrika turu,0.2878093719482422
2018-07-02,Çocuklarda diyabet krizinin kokusunu alan köpekler görevde,0.07789967954158783
2018-07-02,Ankara kulislerinde erken yerel seçim tartışması,-0.1135273277759552
2018-07-03,Filipinler - Avustralya basketbol maçı boks ringine dönüştü,0.06258989125490189
2018-07-05,Süper Ligde yeni sezona adını veren Lefter Küçükandonyadis kimdir ?,0.19103513658046722
2018-07-05,"Kamu bankalarý, emeklilere nakit desteði saðlamak içinfaizsiz kredi hazýrlýðý yapýyor - Güncel Fotolarý",-0.12776319682598114
2018-07-06,Avusturya Erdoğana oy verenler Türkiyeye dönsün çağrısını yineledi,0.0704636201262474
2018-07-06,"Kızıl Dany, Farage ve Blair tartıştı: Ne olacak bu AB ve İngilizlerin sonu ? - VİDEO",-0.08336305618286133
2018-07-07,"Daily Record, July 7, 2018",0.014957225881516933
2018-07-09,Reading The Wheel of Time: For the Love of Egwene in Robert Jordan s The Eye of the World (Part 20),0.06232352927327156
2018-07-09,Trumptan NATO üyelerine suçlama: İttifak bütçesine yeteri kadar destek verilmiyor,0.13244400918483734
2018-07-10,Yiddish Favorite Disease – Tablet Magazine,0.10684303194284439
2018-07-10,"Trump, Bushun eski danışmanını yüksek mahkeme için aday gösterdi",0.04972334951162338
2018-07-10,İsrailde yolsuzluk soruşturması büyüyor: Başbakan Netanyahu yeniden ifade verdi,-0.23864224553108215
2018-07-10,Google yarı final maçları ile ilgili galibiyet oranlarını açıkladı,-0.13248683512210846
2018-07-10,İsrailde tutulan Türk vatandaşı Ebru Özkana şartlı tahliye kararı,0.17504703998565674
2018-07-11,Googlea göre İngiltere - Hırvatistan maçını kim kazanacak ?,0.02807876281440258
2018-07-11,Yapay zeka insan aklına ilk kez bu kadar yaklaştı,-0.0835857093334198
2018-07-11,TÜSİAD: ABD ve Çin ticaret savaşı Türk ekonomisi için büyük risk teşkil ediyor,0.1364099085330963
2018-07-12,Dünya Kupası nda finale çıkan Hırvatistan Google ı da yendi,-0.0655309334397316
2018-07-12,Twitterdan sahte hesaplara operasyon: Tamamı silinecek,0.07735983282327652
2018-07-24,Man caught on camera being kicked by Miami officer accepts plea deal,-0.3297322988510132
2018-07-31,Teenager murder shocks small town,-0.621904730796814
2018-08-15,Turkish Ngos To Send Eid Meat To 25M People Worldwide,0.006636155769228935
2018-08-16,"Law enforcement: Dont drink and drive | News, Sports, Jobs",0.018639754503965378
2018-08-16,Turkish NGOs to send Eid meat to 25M people worldwide,0.006636155769228935
2018-08-28,nitoz.com Nitoz Bilişim Hizmetleri,0.02080012857913971
2018-09-06,"Turn around, dont drown Flood safety tips | News, Sports, Jobs",-0.19273978471755981
2018-09-15,hacialioglucigkofte.com Hacialioğlu Etsiz Çiğ Köfte,0.10385491698980331
2018-09-20,"First woman to spend career with Marshalltown Police retires | News, Sports, Jobs",-0.2174859195947647
2018-09-23,"Sharing the road during fall harvest season | News, Sports, Jobs",0.0006140869809314609
2018-09-26,"Car seat safety check slated Sunday at local Fareway parking lot | News, Sports, Jobs",0.00014112387725617737
2018-10-03,Waterloo homes flooded with sewage after heavy rainfall,-0.5027944445610046
2018-10-27,Dean C.Johnson and Ila Fae Hughes,0.08173549175262451
2018-10-28,"Johnson, Dean and Ila Fae",0.059326171875
2018-11-29,"GIJN Data Journalism Top 10: Dear Abby Data, South Africa Pit Toilets, The Economist Inequality, Politico Goes Open Source",0.3475704789161682
2018-12-05,Mishpacha Jewish Family Weekly,-0.026467587798833847
2019-01-04,Motorcycle maker Tomos sent into receivership,-0.07899228483438492
2019-01-06,Arabesk headlines the Hustle,0.12852784991264343
2019-01-13,Ukraine signs agreement to procure Turkish Bayraktar TB2 drones,0.19468636810779572
2019-01-18,MWC On Ice: Fourth Edition,0.10678254067897797
2019-01-25,"creasoup.com Creasoup - Fikir bulur, uygular, yönetir ve raporlar .",0.1229131743311882
2019-04-03,Mortal Kombat 11 Trophy listesi sızdı ! - Donanım Günlüğü,-0.017192158848047256
2019-04-30,Protest at Funeral of Torturer Colonel Raci Tetik: May His Fire Abound in Hell,-0.6352518200874329
2019-05-13,Antigo Daily Journal News Stories,-0.016764676198363304
2019-05-18,"Tanker caught in ditch near Green Mountain | News, Sports, Jobs",-0.41534221172332764
2019-05-25,Opposition Istanbul candidate says CNN Türk fired cameramen after his interview,-0.49416789412498474
2019-06-18,BREAKING: Egypt President Morsi dies in court,0.010653282515704632
2019-06-19,Images of How Salatul Ghaeb was Prayed in different countries for Muhammad Morsi .,-0.26134857535362244
2019-06-27,"Public entrances, courtrooms to see changes at courthouse | News, Sports, Jobs",-0.08826848864555359
2019-07-04,Can Turkish politics be depolarised ? · Global Voices,-0.14394252002239227
2019-07-05,Film shoot causes window on Turkish Airline first 787 to melt,-0.12391708046197891
2019-07-06,"Daily Record, July 6, 2019 | News, Sports, Jobs",0.04209481552243233
2019-07-10,"Marshall County 2018 - 19 salaries approved | News, Sports, Jobs",0.08802160620689392
2019-07-18,"Local law enforcement serve food to support Special Olympics | News, Sports, Jobs",-0.1726045161485672
2019-08-05,paracevirici.com Döviz Çevirici - Döviz Kuru - Dolar & Euro Kur Hesaplama,-0.043260395526885986
2019-08-16,yarisdergisi.com Website Analysis and Social Media report impact: Yarisdergisi.com,0.06747420877218246
2019-09-13,"Agriculture experience brought to fourth graders | News, Sports, Jobs",0.340071439743042
2019-10-08,Safe Driving and Telemetry System to Prevent Metrobus Accidents,-0.20747165381908417
2019-10-28,® Nar continues to offer products meeting needs of customers,0.02916753478348255
2019-10-28,Nar continues to offer products meeting customer needs,0.1532031148672104
2019-11-16,"This Week in Agribusiness, November 16, 2019",-0.0663292184472084
2019-12-07,"e - burs.net 2013 - 2014 Burslar, Burs, Burs Veren Yerler, Başbakanlık Bursu, Burs koşulları",-0.01949716918170452
2019-12-24,"[ PHOTOS ] Deepika Padukone is all smiles as she poses with Sonam Bajwa, Sonali Kulkarni and Nithya Menen",0.31444406509399414
2019-12-27,"Deepika Padukone bonds with three regional superstars - Nithya Menen, Sonali Kulkarni and Sonam Bajwa !",0.17616653442382812
2020-01-12,New Year Update ! news - Silmarillion: Total War mod for Medieval II: Total War: Kingdoms,0.2073008120059967
2020-02-04,"Xinhua Headlines: Swift, decisive, transparent, cooperative - - China buying world time in fight against coronavirus epidemic - Xinhua",0.20552849769592285
2020-03-10,Irish Baby Names for Boys & Girls Beyond the Common Choices – SheKnows,0.06986293941736221
2020-03-12,NY Times publishes Trump Europe travel ban with photos from Turkey that is not even on list,0.14033730328083038
2020-03-12,Turkey slams misleading NY Times travel ban photos,-0.5349051356315613
2020-03-12,Misleading NY Times travel ban photos slammed by Turkey,-0.3299189507961273
2020-04-13,Turkish President Erdogan rejects Interior Minister resignation,-0.3286105990409851
2020-05-11,Setting Souls Aflame – Mishpacha Magazine,-0.01963791251182556
2020-05-23,"Virginia Kay Crosby | News, Sports, Jobs - Times Republican",0.05468890443444252
2020-06-29,"Do call yourself a programmer, and other career advice",0.060747526586055756
2020-07-21,One sent to hospital after roof collapse in Longs,-0.27186593413352966
2020-07-23,180+ Orgs Demand Apparel Brands End Complicity in Uyghur Forced Labour,-0.4429454505443573
2020-08-13,Protesting PE residents demand demolished RDP houses be rebuilt,-0.06384769827127457
2020-08-13,South Africa: Violent Housing Protests Erupt Because of Government Broken Promises,-0.6529908776283264
2020-08-13,"Carroll Hardy, whose pinch - hit appearance was part of Red Sox history, dies at 87",-0.5076532363891602
2020-08-20,"Rabbi Dr.Isaac Lewin, zt l – My Father – On His 25th Yahrzeit | The Jewish Press - JewishPress.com | Nathan Lewin | 30 Av 5780 – August 20, 2020",-0.013519654050469398
2020-11-22,Veren Place Sovetskaya Residential Complex / SPEECH architectural office,0.09799608588218689
2020-11-22,Gallery of Veren Place Sovetskaya Residential Complex / SPEECH architectural office,-0.0220919381827116
2020-12-15,"Ric Wilson Releases New Single / Visual, For Trunk Music",0.1879633665084839
2020-12-31,"Marshalltown businesses get more than $2.5 million in loans | News, Sports, Jobs",0.18408474326133728
2021-01-05,The Magic of Rhythm or Ornament as a Theme,0.2596449553966522
2021-01-21,"Marshall County employees recognized for service | News, Sports, Jobs",0.1962805539369583
2021-01-22,Heath Ledger Fans Remember The Actor On 13th Anniversary Of His Death,0.4474177956581116
2021-01-25,"AKP Tekirdağ chair hands out school reports, going from door to door - Ruken Tuncel",-0.21336263418197632
2021-02-10,"County budget meeting derailed by dispute | News, Sports, Jobs",-0.2370072901248932
2021-02-22,Western Cape scores 79.9% matric pass rate - here are the top achievers,0.2744026780128479
2021-02-22,"We went to Qandil with knowledge, approval of Erdoğan, says HDP Co - Chair",-0.035585809499025345
2021-02-23,We were forced to adapt fast: maths boffin celebrates after roller - coaster year,-0.1836204081773758
2021-02-23,MTN rewards top matriculants with laptops,0.26366493105888367
2021-02-23,"KZN, GP & WC Education MECs laud 2020 top - performing matrics",0.3618956506252289
2021-02-23,Covid - 19 blamed for drop in Western Cape matric pass rate,-0.5162999629974365
2021-02-24,Informal settlement family celebrates star matriculant Ayabukwa Nombela,0.20581747591495514
2021-03-04,South Africa: Protesters Occupy Housing Development Agency,-0.5226266980171204
2021-03-04,MTN Foundation gifts notebooks to SA top 183 Matrics,0.25224900245666504
2021-03-09,Western Cape top achieving matriculants honoured by Winde and Schäfer at Leeuwenhof,0.21406565606594086
2021-03-09,Honor the Emerald Isle With These Irish Baby Names,0.29397302865982056
2021-04-11,PKK Supporters Accused of Attacking Turkish Association in France,-0.6625127196311951
2021-05-12,"Supervisors seek sharing details | News, Sports, Jobs",-0.04456207528710365
2021-05-14,They can do so without any joint statement or formal agreement . | The Global Dispatch,0.08213508129119873
2021-06-11,"As Covid Travel Restrictions Ease, Travel Influencers Can Be a Force for Good",-0.03927230462431908
2021-06-16,Dawn of a new day in Israel after close of Netanyahu era,-0.35575589537620544
2021-06-23,Police intervention against women naming the street after Deniz Poyraz,-0.1943991780281067
2021-06-29,Istanbul: divided on two fronts,-0.08203129470348358
2021-09-08,distrobayi.com Website Analysis and Social Media report impact: Distrobayi.com,0.06747420877218246
2022-01-19,Thousands stranded on snow - hit highway in southeast Turkey,-0.38237497210502625
2022-03-12,"How the Forward covered Babyn Yar, from WWII to today – The Forward",0.10960879176855087
2022-03-21,Police violence against Furkan Foundation members in Adana,-0.2781994044780731
2022-03-21,Police violence against Furkan Foundation members in Adana province,-0.19684582948684692
2022-04-19,"How the Forward covered Babyn Yar, from WWII to today",0.1111312136054039
2022-04-22,Ben Vereen lends his star power and voice to We Sing for Ukraine,0.342264324426651
2022-06-27,Horse euthanized after 96.Gazi Race,-0.12341944128274918
2022-07-26,The Message to Our Kids When Signing False Statements for Schools,0.19022858142852783
2022-09-12,Meet the Real Housewives of Pretoria,0.17535419762134552
2022-09-20,"Community groups help keep highways clean, save DOT employees time",-0.17085525393486023
2022-11-17,cocktail: Cocktail time,0.15490420162677765
2023-02-20,IRAQ: THE DOWNWARD SPIRAL - The Islamic Monthly,-0.2247951179742813
2023-03-08,Troopers honored for valor in fiery crash near Dunkerton,-0.25443339347839355
2023-03-27,Everen Declares $200 Million Dividend and Welcomes New Chief Operating Officer,0.13801690936088562
2023-05-11,"Animal Rescue League contract discussed during supervisors meeting | News, Sports, Jobs",0.3104812800884247
2023-05-12,"Supervisors agree to add stop sign at Main Street Road, Zeller intersection | News, Sports, Jobs",-0.2377774864435196
2023-06-22,"Supervisors OK veteran relocation assistance, initial changes to ARL contract | News, Sports, Jobs",-0.26974669098854065
2023-08-17,Edo CP decorates 247 newly - promoted officers,0.11008976399898529
2023-08-28,"Agencies team up for carseat safety | News, Sports, Jobs",0.020458359271287918
2023-09-17,【 casino deneme bonusu veren siteler 】 - top bet twitter ov25 fixed matches,0.18012337386608124
2023-09-25,"Sheriff office, State Patrol team up for exhibit on dangers of excessive speed | News, Sports, Jobs",-0.27410832047462463
2023-10-06,"Departments respond to combine / field fire near Albion | News, Sports, Jobs",0.2155405730009079
2023-10-12,A history of Storm royalty,-0.018167506903409958
2023-11-05,"Kılıçdaroğlu loses party congress, Özel becomes new CHP leader",-0.41020405292510986
2024-02-13,Landslide in the area where the İliç Gold Mine is located,0.056991979479789734
2024-02-20,"A not so controlled burn between Albion and Marshalltown | News, Sports, Jobs",-0.32940948009490967
2024-02-24,"Marshall County Sheriff Office leads active shooter training for courthouse staff Friday | News, Sports, Jobs",0.08618722856044769
2024-03-20,Crescent Point Energy Corp.plans to change company name to Veren Inc . – Brandon Sun,0.11570315062999725
2024-03-20,Crescent Point Energy Corp.plans to change company name to Veren Inc . – Winnipeg Free Press,0.10840535163879395
2024-03-20,Crescent Point Energy Corp.plans to change company name to Veren Inc .,0.11553998291492462
2024-03-20,Crescent Point Plans Name Change to Veren,0.09524113684892654
2024-03-21,"Crescent Point to Change Name to Veren, Cites Improved Portfolio",0.2729237675666809
2024-03-22,The Week in Canadian Press Releases: 10 Stories You Need to See,0.1181555837392807
2024-03-23,"Varcoe: Hello Veren, see ya Crescent Point Energy, with a name change",0.1705465316772461
2024-04-06,"The Proud And The Prejudiced (Part XIX) | The Jewish Press - JewishPress.com | As Told To Marcia Friedman | 26 Adar II 5784 – Friday, April 5, 2024",-0.2008272409439087
2024-05-05,Tulkarem op: Doctors fighting for life of wounded officer,-0.46214818954467773
2024-05-08,Crescent Point to Sell Non - Core Saskatchewan Assets to Saturn,0.0018568068044260144
2024-05-10,Crescent Point Energy Becomes Veren Inc,0.15870824456214905
2024-05-10,Crescent Point Announces Q1 2024 Results,0.1376148909330368
2024-05-21,Result of the Annual General Meeting | Company Announcement,0.05205007269978523
2024-05-27,Veren: 2023 VRN ESTMA Filing - MarketScreener,0.07264341413974762
2024-06-03,Canadian Market Looks Headed For Weak Close ; Energy Stocks Fall,-0.3032369613647461
2024-06-04,Saturn Oil & Gas Inc.Announces Proposed Private Offering of US$625 million of Senior Secured Second Lien Notes Due 2029,0.26207923889160156
2024-06-05,TSX Ends Notably Lower,-0.2525489032268524
2024-06-07,Baystreet.ca - Stocks Slump Ahead of BoC Word,-0.3450465202331543
2024-06-13,"Canadian Market Down As Resources, Financials Stocks Tumble",-0.38532689213752747
2024-06-14,Veren Announces Closing of Non - Core Asset Disposition,-0.0674460157752037
2024-06-16,"Baystreet.ca - Negative Week Ends, Mercifully",-0.14684730768203735
2024-06-18,Veren Closes Sale of Saskatchewan Assets to Saturn,-0.1321241855621338
2024-06-18,TSX Ends Marginally Up,0.03467673808336258
2024-06-19,Veren Inc.Announces Offering of Investment - Grade Senior Notes,0.19100861251354218
2024-06-20,Canadian Market Modestly Higher ; Materials Shares Rise On Firm Metal Prices,0.38335755467414856
2024-07-06,"TSX Ends 0.8% Down As Energy, Financials Shares Decline",-0.325461208820343
2024-07-10,Transaction in Own Shares - Replacement | Company Announcement,0.0165810938924551
2024-07-10,Canadian Market Up Firmly In Positive Territory ; Resources Shares Rally,0.41136598587036133
2024-07-19,Baystreet.ca - Bank of Canada Decision Due Next Week,-0.057520944625139236
2024-07-21,Atb Cap Markets Weighs in on Veren Inc.Q2 2024 Earnings (NYSE: VRN),0.13755199313163757
2024-07-25,"Veren Inc ., formerly Crescent Point Energy, sees profit rise in second quarter",0.34984031319618225
2024-07-25,Baystreet.ca - Veren Inc .,0.05688972771167755
2024-07-25,Canadian Market Recovering After Early Setback,-0.3364655673503876
2024-07-25,North American Morning Briefing: Tech Selloff Ripples Through Global Markets ; GDP Data Awaited,-0.20652872323989868
2024-07-28,Scottish slave trader descendant to apologise for hangings,-0.47670769691467285
2024-07-31,Atb Cap Markets Research Analysts Lift Earnings Estimates for Veren Inc . (NYSE: VRN),0.20758865773677826
2024-08-01,"TSX Posts New Intraday, Closing Highs",0.08958065509796143
2024-08-01,Canadian Market Down Sharply On Widespread Selling,-0.3642331063747406
2024-08-02,"TSX Sheds 1.7%; Energy, Technology Stocks Among Major Losers",-0.04729041829705238
2024-08-04,The secret life of Canadian oil tycoon Scott Saxberg,-0.006851537618786097
2024-08-13,2Q24 Quarterly Portfolio Valuations & NAV | Company Announcement,0.12371554970741272
2024-08-16,TSX Ends 1.2% Up As Stocks Cheer Economic Data,0.3037821650505066
2024-08-20,Canadian Market Moderately Lower As Energy Stocks Fall,-0.15924511849880219
2024-08-21,Interim Report for the six months to 30 June 2024 | Company Announcement,0.15286456048488617
2024-09-02,Signaturefd LLC Purchases New Shares in Veren Inc . (NYSE: VRN),0.18298625946044922
2024-09-03,"TSX Ends 1.3% Down ; Materials, Energy Stocks Tumble",-0.40632909536361694
2024-09-09,Pembina signs $400M deal to buy midstream assets from Veren,0.26736584305763245
2024-09-09,Pembina Gas Infrastructure signs $400M deal to buy midstream assets from Veren,0.17228394746780396
2024-09-09,Canada Pembina Pipeline to buy midstream assets from Veren for about $400 - million,0.004824968054890633
2024-09-09,Canada Pembina Pipeline to buy midstream assets from Veren,-0.02237147092819214
2024-09-09,KKR - backed PGI to buy Veren Gold Creek and Karr area oil batteries,0.17176471650600433
2024-09-09,Market movers: Stocks seeing action on Monday - and why,-0.0498756468296051
2024-09-10,Pembina Gas Infrastructure to acquire Veren midstream assets,0.18884429335594177
2024-09-10,Pembina Gas to Acquire Veren Oil Batteries in Alberta,0.2645529806613922
2024-09-10,Pembina Pipeline to buy midstream assets from Veren in C$400M deal (NYSE: PBA),0.1258130818605423
2024-09-10,"Pembina Pipeline to Acquire Veren Midstream Assets in C$400M Deal - Core Laboratories (NYSE: CLB), VAALCO Energy (NYSE: EGY)",0.2602565288543701
2024-09-11,Veren Inc . (NYSE: VRN) Raises Dividend to $0.08 Per Share,0.2785199284553528
2024-09-12,Veren Inc . (NYSE: VRN) to Issue Dividend Increase – $0.08 Per Share,0.2651636004447937
2024-09-13,How Significant is Pakistan Oil Discovery ?,0.16858282685279846
2024-09-18,Canadian Market Modestly Lower In Cautious Trade Ahead Of Fed Move,0.11254693567752838
2024-09-18,"TSX Retreats After Hitting New High, Snaps 4 - day Winning Streak",0.2170533984899521
2024-09-26,Encompass Capital Advisors LLC Purchases New Holdings in Veren Inc . (NYSE: VRN),0.14267122745513916
2024-09-28,Ninepoint Partners LP Makes New Investment in Veren Inc . (NYSE: VRN),0.22133012115955353
2024-09-30,Veren (VRN) versus Its Competitors Financial Review,-0.07526012510061264
2024-09-30,Reviewing Veren (VRN) & The Competition,0.11089316010475159
2024-09-30,Equities Analysts Offer Predictions for Veren Inc.Q4 2024 Earnings (NYSE: VRN),0.08126935362815857
2024-09-30,"Monday analyst upgrades and downgrades for September 30, 2024",-0.29962408542633057
2024-10-01,The Manufacturers Life Insurance Company Takes Position in Veren Inc . (NYSE: VRN),-0.013616310432553291
2024-10-01,Canadian Market Roughly Flat In Lackluster Trade,-0.21464957296848297
2024-10-01,"Sheriff office hosting Donuts with a Deputy at Hy - Vee | News, Sports, Jobs",-0.07908570021390915
2024-10-01,TSX Ends Marginally Up As Energy Stocks Post Strong Gains,0.2873123586177826
2024-10-01,"Now, the Uinta: Drillers are Taking Utah Oily Stacked Pay Horizontal, at Last",0.020479349419474602
2024-10-02,Head - To - Head Survey: Veren (VRN) & Its Competitors,0.019814370200037956
2024-10-03,Marshall Wace LLP Invests $3.53 Million in Veren Inc . (NYSE: VRN),0.19188454747200012
2024-10-03,Veren (NYSE: VRN) Stock Price Up 5% – What Next ?,0.13248039782047272
2024-10-06,The 8.1% return this week takes Veren (TSE: VRN) shareholders five - year gains to 101%,0.24163244664669037
2024-10-09,"87, 036 Shares in Veren Inc . (NYSE: VRN) Bought by Renaissance Technologies LLC",0.21731899678707123
2024-10-15,"Hy - Vee hosts successful Touch a Truck event Saturday | News, Sports, Jobs",0.02299652434885502
2024-10-21,3Q24 Quarterly Portfolio Valuations & NAV | Company Announcement,0.12371554970741272
2024-10-24,Veren Inc . (NYSE: VRN): Among The 10 Oversold Canadian Stocks to Buy Right Now,0.182518869638443
2024-10-25,"Vance vies for the position of Shaunavon Mayor - SwiftCurrentOnline.com - Local news, Weather, Sports, Free Classifieds and Job Listings",0.049605730921030045
2024-10-29,Veren (VRN) Set to Announce Quarterly Earnings on Thursday,0.10626237094402313
2024-10-31,Veren (NYSE: VRN) Reaches New 12 - Month Low – Should You Sell ?,-0.2881375551223755
2024-10-31,Veren Confirms Quarterly Dividend,0.17553788423538208
2024-10-31,Veren share price plunges as oil producer lowers output forecast,-0.466108500957489
2024-10-31,"Veren reports $277.2 - million third - quarter profit, trims 2024 production guidance",0.07910414040088654
2024-10-31,"Toronto Stocks Drop, Canada GDP Flat in August ; Bausch Health Rises on 3Q Beat",0.22636960446834564
2024-10-31,Bay Street Seen Opening On Weak Note,-0.377498984336853
2024-10-31,Canadian Market Headed For Weak Close,-0.3731023073196411
2024-10-31,"Baystreet.ca - So Long, October",0.012180458754301071
2024-10-31,Market movers: Stocks seeing action on Thursday - and why,-0.0493580624461174
2024-11-01,Baystreet.ca - New Monthly Low for TSX,0.2310383915901184
2024-11-01,"Varcoe: As oil producers tout TMX, attention turns to LNG Canada",0.14178846776485443
2024-11-02,Veren Inc.to Issue Quarterly Dividend of $0.12 (TSE: VRN),0.13838911056518555
2024-11-04,"TSX Today: What to Watch for in Stocks on Monday, November 4",0.11701192706823349
2024-11-08,"Canadian Market Moderately Lower At Noon ; Energy, Materials Stocks Decline",-0.02022196166217327
2024-11-13,Aigen Investment Management LP Makes New Investment in Veren Inc . (NYSE: VRN),0.16539660096168518
2024-11-20,Transaction in Own Shares | Company Announcement,0.028796225786209106
2024-11-21,Investment Analyst Recent Ratings Updates for Veren (VRN),0.0529496893286705
2024-11-21,"Eric Nuttall Top Picks for November 21, 2024 – BNN Bloomberg",0.11760848015546799
2024-11-25,"Stroll toward the holidays | News, Sports, Jobs",0.05006485432386398
2024-11-28,Critical Survey: Veren (NYSE: VRN) versus Legacy Reserves (OTCMKTS: LGCYQ),0.0016246822196990252
2024-11-30,Portland Investment Counsel Inc.Lowers Holdings in Veren Inc . (NYSE: VRN),-0.036066021770238876
2024-12-03,"How to Use Your TFSA to Earn $5, 000 Per Year in Tax - Free Income",0.3475630283355713
2024-12-05,Latest Sask oil & gas Crown land sale brings in $11.39 million,0.1705164611339569
2024-12-16,Two South Mississippi organizations lend helping hand to families for last - minute Christmas gifts,0.2285061925649643
2024-12-23,Canadian Market Modestly Higher In Cautious Trade,0.39250338077545166
2024-12-23,"For Canada, this is hardly a time to project weakness and disorder, says National Bank economists",-0.060110799968242645
2024-12-24,TSX Ends Shortened Session On Firm Note,-0.1814429610967636
2024-12-25,Why Veren Inc . (VRN) Is Skyrocketing - Insider Monkey,0.04775792732834816
2024-12-25,Why These 10 Stocks Are Skyrocketing - Insider Monkey,-0.01066975761204958
2024-12-25,Baystreet.ca - TSX Finishes on Up Note Before Christmas,0.32537707686424255
2025-01-01,"TSX Ends Final Session Of 2024 On Firm Note, Posts Yearly Gain Of 18%",0.005523225758224726
2025-01-02,Canadian Market Remains Firm Despite Coming Off Early Highs,0.2583795487880707
2025-01-07,"Canadian Market Pares Early Gains, Down Slightly At Noon",-0.08630760759115219
2025-01-09,Maximum TFSA Impact: 2 TSX Stocks to Help Multiply Your Wealth,0.4141109883785248
2025-01-13,Canadian Market Headed For Another Weak Close,-0.36568620800971985
2025-01-15,Trump Tariff Threat Starts to Ripple Through Canadian Oil Sector,-0.3993362486362457
2025-01-22,Still time to sign - up and volunteer for the Publix Gasparilla Distance Classic,0.230669304728508
2025-01-22,"TSX Today: What to Watch for in Stocks on Wednesday, January 22",0.10712067037820816
2025-01-25,"Dedicated volunteer Dan Brandt, who served the MPD for 53 years, laid to rest Friday | News, Sports, Jobs",0.1107877865433693
2025-01-29,Baystreet.ca - TSX Surges as BoC Lowers Rate,0.04915424436330795
2025-01-29,Ten dividend stocks to weather market turbulence,0.056580960750579834
2025-02-04,"Canadian Market Moderately Higher, Looks Set To End Session On Firm Note",0.31579825282096863
2025-02-13,How Indian classical dance celebrates love,0.2970788776874542
2025-02-20,Veren Announces Q4 & Full Year 2024 Results Conference Call,0.11198871582746506
2025-02-27,Veren Announces Filing of Annual Information Form and Form 40 - F,0.09432008117437363
2025-02-27,Oil and gas producer Veren reports $146.8M fourth - quarter profit – Brandon Sun,0.018827082589268684
2025-02-27,Veren shares jump as oil and gas producer announces improved well performance,0.4722471535205841
2025-02-27,Oil and gas producer Veren reports $146.8M fourth - quarter profit,0.01467311754822731
2025-02-27,Oil and gas producer Veren reports $146.8 - million fourth - quarter profit,-0.013370496220886707
2025-02-28,Canadian Market Down In Negative Territory On Tariff Concerns,-0.37186992168426514
