date,headline,label
2017-09-01,Looks Like Tesla Suits Dont Want a Workers Union,
2017-09-01,Tesla Inc being investigated by National Labor Relations Board for allegedly intimidating and harassing union organisers,
2017-09-01,Tesla slapped with unfair labor practices complaint by NLRB,
2017-09-01,deadspin,
2017-09-01,US labor board files complaint against Tesla over worker rights,
2017-09-01,Bigotry and Discrimination Persist at Tesla,
2017-09-01,Tesla hit with unfair labor complaint from US watchdog,
2017-09-02,Labor board files complaint against Tesla over worker conditions,
2017-09-01,U.S . labor board files complaint against Tesla over worker rights By Reuters,
2017-09-01,US labour board files complaint against Tesla over worker rights,
2017-09-01,US labor board slaps Tesla with complaint over worker rights,
2017-09-01,NLRB files complaint against Tesla for treatment of workers,
2017-09-01,Finance: Federal labor officials are going after Tesla over alleged worker rights violations (TSLA),
2017-09-01,Federal labor officials have filed a complaint against Tesla accusing it of violating worker rights,
2017-09-01,Tesla: U.S . labor board files complaint against Tesla over worker rights,
2017-09-01,Labor regulators order Tesla to respond to worker complaints,
2017-09-01,Tesla Faces Complaint From U.S . Labor Board,
2017-09-01,Flash,
2017-09-01,U.S . labor board files complaint against Tesla over worker ...,
2017-09-01,Labor Board Files Complaint Against Tesla,
2017-09-01,Feds Hit Tesla With Complaint For Allegedly Violating Workers ’ Rights,
2017-09-01,Tesla accused of violating worker rights and interrogating employees by US labour board,
2017-09-02,Workers Accuse Tesla of Thwarting Union Efforts,
2017-09-01,Tesla is in hot water with the US government after employee complaints – BGR,
2017-06-30,Tesla $2.3 Billion Class Action Law Suit Filed Alleging Dangerous Braking System,
2017-08-28,Tesla Vs.Volkswagen: Who Has The Better Charging Network ?,
2017-09-01,Tesla faces labor board complaint alleging interference with unionization,
2017-09-01,US labour board files complaint against Tesla for unfair labour practises and violation of worker rights,
2017-09-02,U.S . labor board tells Tesla to respond to worker confidentiality complaints,
2017-06-15,"Tesla asks Indian government to temporarily exempt its cars from import duties: Cars, News",
2017-09-01,Feds order Tesla to respond to worker confidentiality complaints – Silicon Valley,
2017-09-01,Feds order Tesla to respond to worker privacy complaints,
2017-09-01,Feds order Tesla to respond to worker confidentiality complaints – East Bay Times,
2017-09-01,Tesla Hit with Labor Board Complaint Over Worker Rights,
2017-09-01,"Labor complaint filed against Tesla wont hurt the stock, analyst says",
2017-09-01,"Today In Tesla: Unfair Labor Alleged, Hyperloop Speed Record",
2017-06-17,WATCH: Kitten rescued after getting stuck in Tesla bumper,
2017-06-15,Elon Musk friend,
2017-06-16,"Tesla Motors, Inc . (TSLA) Closed at $375.34",
2017-06-14,Elon Musk ’ s arch nemesis has just created a car that charges in 9 minutes flat,
2017-06-14,A Turbocharged Trade on Tesla,
2017-08-30,Tesla battery demand boom lifts supplier Tanaka in Japan Latest News,
2017-08-29,[ midel 3 ] Electrek: Tesla is delivering more Model 3 vehicles while working through ‘ production hell ’,
2017-06-15,Tesla Is Burning Money and Its Investors Will Likely Get Blistered,
2017-06-27,"After Tesla granted approval for 2nd dealership in Virginia, auto dealers get in the way ; judge allows VADA lawsuit to proceed",
2017-06-14,Analysts Predict Tesla May Soon Have A Near Monopoly On Market For Electric Cars,
2017-06-27,"High Multiples, Negative Earnings Proving To Be Toxic For Tesla",
2017-09-02,Tesla AI Director looks to bolster Autopilot Vision team as …,
2017-06-30,Virginia Auto Dealers Can Sue Tesla Over Second Store,
2017-08-28,We Dont Need No Flaming Sparky Cars,
2017-06-14,Tesla Inc.Supercharger Network Is About to Get a Massive Boost,
2017-06-13,All the Reasons Tesla May Not Be Worth It,
2017-06-13,Tesla might soon have a near,
2017-06-13,Tesla could have near,
2017-06-15,Tesla ’ s Elon Musk says negotiating exemption of import duties with Indian govt,
2017-06-14,Why Tesla Could Be Racing Toward an Electric Car Monopoly,
2017-06-27,"Tesla, Inc.Starts Selling Tesla",
2017-06-17,Mercedes is quietly ramping up its efforts to become Tesla biggest battery rival,
2017-06-14,Tesla ’ s stock is up 75% this year.That ’ s not a typo,
2017-06-14,Tesla stock is up 75% this year.That not a typo,
2017-06-15,Teslas,
2017-09-01,"Tesla, Inc .: Demand Is Strong for Solar Tiles",
2017-06-12,Bill in NY legislature would let Tesla quadruple store locations in state,
2017-06-16,This Billionaire Thinks Tesla Stock Could Nearly Triple,
2017-06-30,There Are Many Reasons to Own Tesla.China Not One of Them .,
2017-08-31,Tesla starts production of solar cells in Buffalo,
2017-08-28,Tesla unveils a new 1 Powerpack + 1 inverter system with 6,
2017-06-16,Here Everything To Know About One Of The World Leading Electric Vehicle Maker,
2017-06-13,"Tesla, Inc.Surpasses BMW Market Value",
2017-08-29,"How Many Model 3 Units Will Tesla, Inc.Sell in August ?",
2017-08-31,Tesla Model X sales will probably keep marching higher,
2017-06-11,"For a moment, Tesla was worth more than BMW",
2017-09-01,Tesla Model 3 Is Off And Running ; Will Lack Of Money Short Circuit Its Sales ?,
2017-06-12,Tesla ’ s Market Cap Value Briefly Surpasses BMW ’ s for the First Time,
2017-06-28,"Elon Musk Promises and Goals for Tesla, SpaceX, and More",
2017-08-29,"Can Tesla, Inc.Model X Sales Keep Marching Higher ? Probably .",
2017-06-17,"Tesla Model S, X Imports Into China Hit 4, 799 In Q1 2017",
2017-06-13,Tesla Inc.Model X Is Awarded Highest Safety Rating of Any SUV,
2017-06-26,Tesla finds Chinese production site for electric cars: Shanghai,
2017-06-15,"Tesla will begin Model 3 test drives in ‘ late 2017 ’, but there ’ s a catch – BGR",
2017-06-16,"Tesla will begin Model 3 test drives in late 2017, but there a catch",
2017-06-26,An ex,
2017-06-12,Tesla Model Y: Elon Musk unveils sketch of electric crossover smaller than Model X,
2017-06-17,Some owners could be invited to the unveiling of the Tesla semi,
2017-06-16,Tesla Model 3 Test Drives Start In Late 2017: Auto,
2017-06-15,"If It Looks This Good, The Tesla Model Y Will Be A Smash Hit",
2017-08-30,Finnish taxi driver drove Tesla Model S 250K miles without breakages,
2017-06-17,Tesla Model X Now Available In Indonesia,
2017-06-13,Tesla Model X gets uniform 5,
2017-08-29,What Should We Expect From The Tesla Model Y ?,
2017-06-17,Owners referral program Tesla semi,
2017-09-01,Tesla Lucrative ZEV Credits May Not Be Sustainable,
2017-06-14,"Tesla Model X = Safest SUV Ever, Because Some Humans Have Hearts",
2017-09-02,"The Tesla Model 3 Will Get Smart Air Suspension, Dual Motor In 6 Months, Says Elon Musk",
2017-08-28,Tesla open first Supercharger in Scotland,
2017-09-02,"In Attempt To Boost Sales, Tesla Offers $30, 000 Discount, 0.99% APR",
2017-06-13,High Five ! Tesla Model X Scores Perfect Crash Ratings,
2017-07-09,Elon Musk gets first Tesla Model 3 as his 46th birthday gift ; everything you need to know,
2018-04-24,Tesla email reveals company effort to silence an alleged victim with cash,
2018-04-25,"Caught on camera: Tesla smashes through gym wall, barely misses man",
2018-04-24,Tesla goes bankrupt - says CEO Elon Musk on April 1.Riiight ...,
2018-05-10,Factbox: Tesla faces scrutiny after Florida car accident,
2018-05-11,Factbox - Tesla faces scrutiny after Florida car accident,
2018-02-28,Tesla confirms Autopilot engaged in fatal crash in China _ china.com,
2018-04-22,Tesla Faces Investigation Following Workplace Injury,
2018-02-21,Hackers used Tesla s computers to mine cryptocurrency,
2018-05-11,Tesla incurs loss of £523 million in the first 3 months of 2018,
2018-05-10,Probe after deaths in Tesla crash and fire,
2018-05-11,FACTBOX - Tesla car fire incidents since 2013,
2018-02-21,Tesla Amazon cloud account was hacked and used to mine cryptocurrency (TSLA),
2018-02-28,Tesla fatal crash case in China: company admits the car in autopilot when accident happened,
2018-02-23,Former Tesla employee claims the company knowingly sells faulty cars – BGR,
2018-05-10,Brother killed by exploding battery in Tesla smash,
2018-05-10,"Tesla Model S: US safety board probes fatal Tesla accident in Florida, Auto News, ET Auto",
2018-05-10,"Investigation begins in Tesla electric car crash which killed two teens and injured another - Technology News, Firstpost",
2018-05-09,U.S . safety board probes fatal Tesla accident in Florida,
2018-04-25,ksdk.com,
2018-04-25,kare11.com,
2018-04-25,kiiitv.com,
2018-04-25,Interest in short bets on Tesla stock surges as production issues rise,
2018-04-26,Tesla s head of Autopilot is leaving company,
2018-04-26,"Short Seller Chanos Slams Tesla Musk, Accuses Him of Incinerating Capital",
2018-04-22,Tesla receives a failing grade from Better Business Bureau,
2018-02-23,Acquisition Gone Wrong: Tesla Cant Find a Home For Solar Energy,
2018-02-23,Acquisition Gone Wrong: Tesla Cant Find a Home For Solar Energy | Markets - and - stocks,
2018-04-26,Elon Musk made less than the typical Tesla employee in 2017,
2018-04-26,"Latest Tesla executive departure hints at impending problems, says Jim Chanos",
2018-03-02,Auto dealers renew fight against Tesla in Jefferson City | Business,
2018-04-27,Tesla autopilot chief Jim Keller leaves automaker amid renewed controversy over autonomous system,
2018-04-27,Telsa Autopilot chief resigns to join in Intel,
2018-04-24,"Tesla Is Not Too Big To Fail - Tesla, Inc . (NASDAQ: TSLA)",
2018-04-24,Tesla banned from crash probe after leaking details,
2018-04-23,Tesla problems are mounting here everything that has gone wrong so far this year (TSLA),
2018-03-02,Tesla New Moves With Home Depot And Lowe Explained - Tesla Motors (NASDAQ: TSLA),
2018-04-26,"Tesla head of Autopilot leaves, ex - Apple exec to succeed",
2018-04-26,Tesla Autopilot head leaving for Intel,
2018-04-23,EBN - B.Cameron Gain,
2018-04-26,"Tesla autopilot head departs, ex - Apple exec to take over - Article",
2018-04-27,Tesla Autopilot chief leaves to join Intel,
2018-04-23,Tesla tug of war heads out of legislative committee,
2018-04-23,Tesla releases some interesting data for (Middle) Earth Day,
2018-04-28,Tesla is about to report earnings and it could get ugly here what to expect (TSLA),
2018-04-26,Tesla Autopilot chief steps down after two years,
2018-04-26,"Tesla: Tesla Autopilot chief Keller steps down after two years, Auto News, ET Auto",
2018-04-26,Tesla Autopilot Chief Keller Steps Down After Two Years,
2018-02-25,Will Tesla Semi Bring In $20 Billion In Annual Revenue ? $3 - 5 Billion In Profits ?,
2018-04-26,Tesla Autopilot Chief steps down,
2018-04-26,Tesla loses top Autopilot chief as Jim Keller leaves to join Intel – BGR,
2018-04-26,AMD Ryzen Chip Architect Jim Keller Leaves Tesla Position To Join Raja At Intel,
2018-04-26,Elon Musk big ambitions may be killing Tesla,
2018-04-27,Tesla Autopilot Chief Leaves for Intel,
2018-04-28,Tesla first quarter earnings preview,
2018-04-28,Here what the future of Tesla could look like,
2018-04-27,Tesla bulls are in trouble,
2018-04-27,Wall Street Tesla bulls are in trouble (TSLA),
2018-04-26,"Tesla s VP of Autopilot and chip guru Jim Keller is leaving, another former Apple chip designer is tapped",
2018-02-26,One of Tesla biggest advantages could become its biggest problem,
2018-04-28,"Tesla Moats Tesla Can Do What Other Car Companies Only Dream About, And Why",
2018-04-27,Tesla Explorer released for IOS - Reveal the Internals of a Tesla Car,
2018-04-27,Tesla Explorer released for IOS,
2018-04-24,"Tesla: Q2 Will Likely Disappoint - Tesla, Inc . (NASDAQ: TSLA)",
2018-02-25,Elon Musk boasts: Tesla Semi specs may be better than initially advertised – BGR,
2018-04-23,"Tesla: Where Exactly Is The Upside ? - Tesla, Inc . (NASDAQ: TSLA)",
2018-04-27,Tesla to shareholders: We don t need an independent chairman – East Bay Times,
2018-04-26,Tesla to shareholders: We dont need an independent chairman,
2018-04-26,Tesla s Autopilot VP is leaving for Intel – TechCrunch,
2018-02-17,The 12 coolest features inside the Tesla Model 3 (TSLA),
2018-03-01,Head - To - Head Comparison: Tesla (TSLA) and Kandi Technologies Group (KNDI),
2018-04-22,"7 Reasons Not to Worry About Demand for Tesla, Inc.Model 3",
2018-02-27,Tesla 3 test drive by Henry Payne,
2018-02-26,Profit Target For Tesla Model 3 Five Times Higher Than Ford Average,
2018-03-01,The first Tesla Model 3 reviews are coming in - and there one thing everyone is talking about,
2018-04-23,Tesla s fleet has driven 7.2 billion miles and its energy products produced 10.3 billion kWh,
2018-03-05,"How Many Model X Will Tesla, Inc.Deliver This Quarter ?",
2018-02-27,Tesla Model 3 build quality explained,
2018-03-02,Tesla Model 3 makes its Canadian debut in Vancouver today (PHOTOS),
2018-03-13,Tesla Model 3: Elon Musk admits new EV is months behind schedule,
2018-02-14,Tesla Model 3 is the millennial dream car (TSLA),
2018-04-24,Kanye West thanks Elon Musk for the funnest car ever: Tesla Model S wins the rapper heart,
2018-02-27,Meet the Greeks that Lured Elon Musk Tesla to Athens,
2018-04-22,Tesla Model S & BMW 5 Series Neck & Neck In Netherlands (March Electric Car Sales Report),
2018-04-25,Tesla Model 3 Spotted In Beijing,
2018-04-23,"Kanye West Loves His Tesla - But Should He Love the Company Stock, Too ?",
2018-02-17,The 12 coolest features inside the Tesla Model 3,
2018-03-16,Tesla Model S & Model X Production Efficiency Has Improved Greatly,
2018-04-24,Owner take: Tesla Model 3,
2018-11-13,Indian ex - Tesla employee charged in US$9.3 mln embezzlement scheme,
2018-11-13,Indian ex - Tesla employee charged in USD 9.3 million embezzlement scheme,
2018-11-13,"Indian man, ex - employee of Tesla, charged for stealing $9.3 million from company - Technology News, Firstpost",
2018-11-13,Indian ex - Tesla employee charged in $9.3 million embezzlement scheme,
2018-10-30,Tesla sued over autopilot crash that left Florida man with permanent injuries,
2018-10-31,Man Caught On Video Taking Tesla Part « CBS Los Angeles,
2018-11-30,Tesla has a problem with racism in its factory so do many of its rivals,
2018-12-10,Tony Stark Confirms Audi e - tron GT for Avengers: Endgame,
2018-12-12,Tesla sues ex - employee Martin Tripp for $167 million: legal filings,
2018-12-05,Shegerian & Associates: Four Discrimination Lawsuits Filed Against Tesla in Recent Months,
2018-11-26,Elon Musk Interview: Tesla Was Near Death During Model 3 Ramp - Up,
2018-11-01,Model S owner sues Tesla after crashing into a stationary car while on Autopilot,
2018-12-07,Tesla Changes Up General Counsel After Tough Year In Legal (NASDAQ: TSLA),
2018-10-30,Tesla Autopilot steered into a stationary object again the driver is suing,
2018-11-14,Robyn Denholm Replaces Elon Musk as Tesla Board Chair,
2018-11-28,Tesla Sales in China Plunge 70% in October - Technology - Oil Price Community,
2018-12-08,"Tesla: Tesla hires Washington trial lawyer as new general counsel, Auto News, ET Auto",
2018-11-30,"Despite Q3 Revenue Figures, Tesla Is Still Not A Buy",
2018-11-13,"Elon Musk, entrepreneur and Penn graduate, resigns from Tesla chairman position",
2018-11-11,Somewhat Critical Media Coverage Somewhat Unlikely to Impact Tesla (TSLA) Share Price,
2018-11-28,"Audi e - tron GT Leaked, Looks Better Than a Tesla",
2018-11-01,"Tesla Model S on Autopilot Crashes Into Parked Car, Driver Sues Tesla",
2018-12-03,Tesla starts working on Trans - Canada Supercharger route for coast - to - coast travel,
2018-12-04,Tesla Chair & Tesla Model 3 Led Tesla Headlines In November # Pravduh November Report,
2018-12-08,Musk may buy defunct GM plant to boost Tesla production,
2018-12-02,More Tesla Competitors Surface: Are They Worthy ? Can They Succeed ?,
2018-11-14,Tesla appoints Robyn Denholm as new CEO to replace Elon Musk,
2018-11-11,New Tesla chairwoman biggest challenge is controlling Musk,
2018-12-06,Tesla: The Short Thesis Is Dying,
2018-12-08,"Tesla Loses General Counsel, Replaces Him with Trial Attorney",
2018-11-14,Tesla Bug Bounty Grows In Reach And Payout,
2018-11-17,What Tesla delivery logistics hell is like for Model 3 buyers,
2018-11-15,What Tesla Delivery Logistics Hell Is Like for Model 3 Buyers,
2018-11-16,Tesla cuts residential solar systems price by 25%,
2018-11-28,Tesla vehicles combined have driven 1.6 billion kilometres with Autopilot,
2018-11-13,Tesla top lawyer leaves company: Report - Business Insider,
2018-11-16,Tesla offers glimpse inside Buffalo gigafactory,
2018-11-17,"Linda Johnson Rice Sells 3, 000 Shares of Tesla Inc (TSLA) Stock",
2018-12-10,Elon Musk reveals what Tesla would have been called if the company hadnt bought the rights to the Tesla name (TSLA),
2018-11-16,Tesla acquires trucking companies to ensure early delivery of Model 3: Musk,
2018-11-26,Tesla hopes revived Texas fight will open door to dealerless car sales,
2018-11-17,"Insider Selling: Tesla Inc (TSLA) CFO Sells 3, 500 Shares of Stock",
2018-11-29,Another Historic EV Production Quarter in Store For Tesla,
2018-11-16,Tesla Staggering Growth in 3 Charts - - The Motley Fool,
2018-11-17,Tesla Is Most Googled Car Brand In united states & The Bahamas,
2018-12-04,Tesla Stock Hits Buy Point On Model 3 Optimism | Investor Business Daily,
2018-11-15,"Elon Musk: Tesla customers can still guarantee $7, 500 tax credit",
2018-11-16,"Tesla shares new jobs numbers, tour of South Buffalo solar factory",
2018-11-13,Tesla Joins Forces With GM And Others Seeking To Save Electric Car Subsidies,
2018-11-17,Tesla Energy steps forward with Solar Roof production ramp at Gigafactory 2,
2018-12-07,A Closer Look At Tesla Open - Source Patent Pledge - Intellectual Property,
2018-11-17,"Tesla Inc (TSLA) CFO Deepak Ahuja Sells 3, 500 Shares of Stock",
2018-11-15,Tesla to deliver new Model 3 orders by year end,
2018-11-16,Tesla Is Prepared for a Big Fourth Quarter - - The Motley Fool,
2018-11-15,Why Tesla Stock Jumped 27% in October as the Market Was Falling - - The Motley Fool,
2018-11-14,"Tesla Model 3 With CCS Combo Inlet, S & X With CCS Adaptor In Europe",
2018-11-11,What Is Starlink ? And Could Tesla Be Involved ?,
2018-11-27,WSJ Says Tesla Is Most Sought - After Company For Young Job Seekers,
2018-11-15,Experian Automotive Says Tesla Customer Loyalty Is Unmatched,
2018-11-08,Signs (Live) - Tesla - Music | 98.5 The River | Classic Rock,
2018-11-30,Elon Musk says Tesla will bring more video games and other Easter eggs to its cars but one obvious choice wont be included (TSLA),
2018-11-11,Check Out This Sweet Special Ops Tesla For Veterans Day,
2018-12-02,7 Reasons To Not Buy A Tesla ... 8 Reasons To Buy A Tesla ... Tesla Cash Chart Top 20 # CleanTechnica Stories of the Week,
2018-11-14,"Tesla Model 3 Arrives In European Showrooms Today, November 14th",
2018-11-17,Tesla customers in China can now order the Model 3,
2018-11-16,"Elon Musk told Tesla employees they should be making 7, 000 Model 3s per week by November 28: Report (TSLA)",
2018-11-30,"Tesla owners will soon be able to summon their cars across the continent, says Elon Musk",
2018-12-07,Tesla Inc (NASDAQ: TSLA) shares rallied 2.1% After Jefferies Bullish Rating,
2018-11-13,Tesla is getting rid of a perk new Model S and Model X customers loved (TSLA),
2018-11-16,Tesla Ramps Up Its International Expansion for Model 3 - - The Motley Fool,
2018-11-12,Tesla makes Supercharging free for owners affected by California wildfires – Electrek,
2018-11-15,Can Tesla Be Profitable Again in Q4 ? - - The Motley Fool,
2018-11-15,"Tesla Model Y: Price, Release Date and Autopilot Details for Electric SUV",
2018-11-02,"Unplugged Performance Wide - Body Kit for Tesla Model S Starts at $50, 000",
2018-11-15,Can Tesla Be Profitable Again In Q4 ?,
2018-11-15,Tesla Model 3 = 18% of Small + Midsize Luxury Car Sales in First 10 Months of 2018 (USA),
2018-11-13,Tesla Model 3 Arrives in German Show Rooms,
2018-11-12,"Tesla ends free supercharging credits for Model S, Model X customers",
2018-12-28,Elon Musk Promises Full Coverage of Europe with Tesla Superchargers,
2018-12-25,Tesla Model 3 Towed Three Times In Three Months Of Ownership,
2018-11-12,Here How Tesla Track Mode Works On the Model 3 Performance,
2018-12-07,Tesla Model 3 European Configurators Up and Running,
2019-07-20,"Judge told Tesla to release evidence in short seller trial, so Tesla dropped the case",
2019-08-01,USA: Ongoing investigation after employee death at Tesla amid health & safety concerns ; Incl.co.comment,
2019-08-11,"Tesla News: Model S Crashes Into Tow Truck In Russia, Injuring Three People",
2019-07-20,"TECH STOCKS: Judge Told Tesla To Release Evidence In Short Seller Trial, So Tesla Dropped The Case",
2019-08-13,"Tesla Stock Hit by Negative News, Bears Rejoice",
2019-08-05,Tesla has a new anti - fraud team: job listing,
2019-07-09,Is he a Tesla stalker or just a very meticulous researcher ? A judge will decide,
2019-07-09,Is he a stalker or just a very meticulous researcher ? A US judge will decide,
2019-07-10,Former Tesla employee admits uploading Autopilot source code to his iCloud,
2019-07-10,California Court to Test Limits of Due Diligence Research in $TSLAQ Case,
2019-08-07,Here Why Everyone Talking About Tesla Autopilot System,
2019-08-15,"The Law Offices of Edward C.Chen have filed a series of class action lawsuits against Tesla, Inc .",
2019-08-14,TESLA Under Fire After Series Of Class Action Lawsuits says Law Offices of Edward C.Chen,
2019-08-15,Tesla executives are jumping ship more often than at other companies.It could be an ominous sign for the rest of its leadership team,
2019-07-20,"Judge told Tesla to release evidence in short seller trial.Instead, Tesla dropped the case",
2019-08-14,Battery - gate ? Warranty - gate ? Charge - gate ? Tesla Under Fire After Series Of Class Action Lawsuits,
2019-08-07,"Tesla Motors, Inc . (NASDAQ: TSLA), Ford Motor Company (NYSE: F) - From $420 To $230: Where Tesla Stands One Year After Elon Musk Funding Secured Tweet",
2019-07-11,Former Tesla employee admits to storing Autopilot source code on his own iCloud,
2019-08-08,Tesla Might Raise Prices in China Due to Yuan Uncertainty,
2019-08-08,"Safety Boast Sparked Back - and - forth With Feds, Subpoenas, Docs Reveal",
2019-07-09,Hardcore Tesla Fan & Owner Admits Repair Process / Cost Is Crazy,
2019-08-15,Tesla Execs Working With Elon Musk Have Dramatically Higher Turnover Rate,
2019-07-10,Tesla Autopilot Has A Big Problem: 10% Of Software Team Have Resigned,
2019-09-21,"Tesla board will have to defend Elon Musk massive compensation - FOX 40 WICZ TV - News, Sports, Weather, Contests & More",
2019-07-11,"Ex - Tesla Engineer: Okay, Yes, I Uploaded Autopilot Trade Secrets to My iCloud What the Big Deal ?",
2019-07-12,"Ex - Tesla Engineer: OK, Yes, I Uploaded Autopilot Trade Secrets To My iCloud, What The Big Deal ?",
2019-07-17,Former Tesla Employee Admits to Stealing Trade Secrets for Chinese Competitor,
2019-08-01,Inside of the Tesla Shanghai Gigafactory – NextBigFuture.com,
2019-08-07,Tesla scrutinized by NHTSA over Model 3 safety claims,
2019-09-20,"NJ gives Tesla special treatment, and hurts drivers, car dealers say",
2019-08-08,"New Tesla For The Dead ? Tesla Model S Hearse For Sale At $200, 000",
2019-07-10,USA Today Claims Tesla Has A Problem Appealing To Women - Why We Disagree,
2019-07-10,12 Interesting Facts About Nikola Tesla You Probably Didnt Know ~ vintage everyday,
2019-08-07,US says the Model 3 is not as safe at Tesla claims,
2019-07-08,Tesla has a problem appealing to women.Why ? EVs and Elon Musk,
2019-07-12,"Tesla is suing an ex - employee and wants Apple help, report says",
2019-07-10,Nissan R32 Skyline with a Tesla Electric Motor,
2019-08-12,The Tesla Buying Experience Is Unique: Let Take A Look,
2019-08-17,How To Buy A Tesla,
2019-07-09,Tesla Is Many Things But Not An Auto Industry Market Disruptor,
2019-07-10,"Creepy, Driverless Tesla Semi on U.S . 101",
2019-08-08,US told Tesla it cant call the Model 3 the safest car ever tested.Tesla wont budge,
2019-08-13,"Tesla Pickup Truck: Everything We Know, Including Price, Range & More",
2019-08-04,"Jeff Bezos, Elon Musk to Help NASA Land First Woman and Next Man on Moon",
2019-08-09,This Tesla S Converted Into A Hearse Will Make Sure That You Die In Style,
2019-08-16,"Tesla sells more than just cars.Here are some of the company surprising lifestyle products, from wireless chargers to surfboards . (TSLA)",
2019-07-09,Elon Musk Warns Tesla Prices Will Rise Significantly,
2019-08-07,U.S . Non - Tesla Plug - In EV Car Sales Charted: July 2019,
2019-08-09,Tesla Model 3: Authorities ordered Tesla to stop advertising electric car as safest vehicle,
2019-08-07,"Elon Musk exaggerated Tesla Model 3 safety, NHTSA letter says",
2019-07-11,Tesla Reinvigorated Fiscal Picture Has Short Sellers Scrutinizing Their Outlooks,
2019-09-20,New Data Show Hiring At Tesla Soared 33% Since June,
2019-08-10,"The most shocking parts of working at Tesla, according to current and former employees",
2019-08-06,Free Tesla Supercharging for all Model S and X,
2019-08-05,Electric Porsche 912,
2019-08-16,Tesla South Korea Launch Frenzy: Can It Outdo Apple ?,
2019-08-06,Tesla Pickup Is Tesla Model B ? Did Elon Musk Tweet Its Release ?,
2019-08-08,Tesla Calls Model 3 the Safest Car Ever Built Fed Regulators Disagree,
2019-08-08,NHTSA called for Tesla to drop misleading safety claims,
2019-08-09,Tesla Pickup Design: Which Of These Concepts Is Closest To The Real Thing ?,
2019-08-06,Another Tesla Executive / Longtime Employee Leaves The Company,
2019-07-28,Tesla News: Elon Musk Announces Cool New Features For Electric Car Line,
2019-08-09,Tesla Motors Inc (TSLA) On Track To Launch The Model X And The Gigafactory: Analysts Weigh In,
2019-09-17,"Elon Musk Praises Amazon, Wants Tesla To Follow Its Delivery System",
2019-08-15,"Elon Musk confirms Spotify is coming to Tesla cars, but there a way to get it right now",
2019-08-15,"Elon Musk confirms Spotify is coming to Tesla cars, but there a way to get it right now (TSLA)",
2019-07-11,Tesla Stock Up 3.85% On Leaked Info Of Production Boost At Fremont Factory,
2019-08-08,"Tesla Model 3 Is Not The Safest Car Ever Tested, US Regulator Claims",
2019-09-18,Tesla Sales Promotions Include Model 3 Ahead Of Quarter - End - What Deals To Expect,
2019-09-21,New Orleans Tesla Service Center Is Close To Ready,
2019-09-19,Every electric vehicle you can buy in the US,
2019-08-05,"11 Reasons Why Tesla Will Succeed: Tesla Pickup Truck, Model Y & More",
2019-08-07,Breaking ! IIHS To Crash Test Tesla Model 3 Next Week !,
2019-08-05,Tesla revives unlimited free Supercharging yet again,
2019-08-08,The Feds Are Still Investigating The Tesla Model 3,
2019-07-09,July 10 named Nikola Tesla Day as Edmontonians celebrate inventor,
2019-07-08,Tesla Model 3 Takes Major Market Share Internationally: Why Europeans And Americans Are Loving EV,
2019-06-25,Tesla Q2: Musk Fans Are Offering Free Labor to Help Hit Delivery Goal,
2019-07-14,40 - foot Tesla Coil demonstration for Tesla Birthday Expo | Southgate Amateur Radio News,
2019-08-06,Tesla Tries Adding Back Free Supercharging To Help Slumping Model S and X Sales,
2019-07-12,40 - foot Tesla Coil demonstration planned for Tesla Birthday Expo Saturday,
2019-08-17,Tesla Model 3 international release: Incentives could increase orders in South Korea ; Rave reviews given in Japan,
2019-08-09,Twitter Talk: Variations In Tesla Model Popularity In July 2019 May Surprise You,
2019-07-07,"Tesla Keeps Up With Deliveries, Still Far From Financial Recovery",
2019-09-20,"Tesla Confirms Model S Nurburgring Lap Time Faster than Porsche, Says It Will Return Next Month",
2019-09-14,Tesla Brings Back Free Supercharging,
2019-09-19,Tesla Pickup Design: Elon Musk Titanium Truck Will Be Coolest Car,
2019-07-10,Tesla To Suggest Travel Destinations In New Navigation System Update,
2019-08-06,Tesla brings back unlimited free Supercharging for Model S and X,
2019-07-09,"Tesla CEO Elon Musk: No refreshes for Model X, Model S",
2019-09-19,Tesla: Will Top Safety Award Silence Critics ?,
2019-08-04,You Now Get Free Unlimited Supercharging With Your New Tesla Model S Or X (Again),
2019-08-04,Tesla introducing unlimited charging for new Model S and Model X customers,
2019-09-18,Tesla Navigate on Autopilot wins Germany Connected Car Innovation Award,
2020-04-25,Tesla escalates battle over alleged theft of Robocar secrets,
2020-04-16,Tesla And Self - Driving Startup Zoox Reach Settlement,
2020-04-01,Tesla went from high fives at an all - hands meeting to shutting down its factories - here how it came to accept the coronavirus,
2020-04-01,Why Tesla Stock Fell on Wednesday | The Motley Fool,
2020-03-09,Tesla short sellers have made $1.3 billion today alone as the stock plunged (TSLA),
2020-04-20,An Airbag For Tesla Longs - Insider Monkey,
2020-04-22,"Tesla Motors, Inc . (NASDAQ: TSLA), Ford Motor Company (NYSE: F) - BofA Downgrades Tesla, Says Company Faces Several Hurdles",
2020-03-31,Tesla Reports New Delivery Figures Soon - Here What to Watch,
2020-04-04,"Tesla to cut off contractors of California, Nevada factories: Report",
2020-03-30,An employee at Tesla Gigafactory in Nevada has tested positive for COVID - 19,
2020-03-31,Tesla Wont Pay For Ruined Model 3 Snowmobile,
2020-03-31,Should This Tesla Owner Be Allowed To Make A Warranty Claim ?,
2020-04-25,Tesla plans to build a Supercharger V3 charging station in Florida,
2020-04-25,Tesla Escalates Battle Over Alleged Theft of Robocar Secrets,
2020-04-24,Elon Musk bought $45M in Tesla stock since that weed joke now it worth double,
2020-04-04,"Tesla Lays Off Contractors at Major Car, Battery Factories",
2020-04-25,Nikola Motor Lawsuit Against Tesla To Proceed Over Truck Design,
2020-04-08,Elon Musk | Benzinga,
2020-04-06,Has Tesla taken charge in the electric car market ? (Part 1),
2020-04-02,"Tesla delivers better than expected 88, 400 vehicles in Q1",
2020-04-22,"BofA Throws In The Towel, Downgrades Tesla, Days After Morgan Stanley Downgrade",
2020-04-24,"Tesla (TSLA) Stock Up Nearly 1%, Bank of America Analyst Downgraded It",
2020-04-25,Tesla Supercharger network vs.other electric - car chargers,
2020-04-22,"Tesla Price Target, Rating Slashed By BofA On Back Of Serious Headwinds",
2020-04-04,"TSLA Stock Jumps 5.62%, Tesla Dismisses Contract Workers from U.S . Plants",
2020-04-22,What Elon Musk Needs to Learn From the Luckin Coffee Fiasco,
2020-04-02,"Tesla stock jumps after company announces it delivered more cars than investors expected last quarter, despite having to shut down its factory due to the coronavirus",
2020-04-24,Tesla Hikes China Model 3 Prices Following Portfolio Expansion Earlier This Month,
2020-04-01,Tesla Tried To Keep Its Fremont Factory Open Despite Lockdown Order,
2020-04-15,Former Tesla employees brought stolen documents to self - driving startup Zoox,
2020-04-15,"Tesla, Musk must face shareholder lawsuit over going - private tweet",
2020-04-16,Judge Keep Tesla on Hook in Investor Suit Over Elon Musk Tweets,
2020-04-25,Is Bank of America Downgrade a Signal to Sell Tesla ?,
2020-04-24,The Tesla Semi Is Still Stalled,
2020-03-31,"TSLA Stock Fell 2.38% Yesterday, Up 3.19% in Pre - market, Analysts Cut Forecasts for Tesla",
2020-04-01,Tesla finally agrees to temporarily close its California factory,
2020-04-22,U.S . Patent Office Rules In Favor Of Nikola In Lawsuit Against Tesla Semi,
2020-04-25,Citadel Ken Griffin makes big Tesla bet,
2020-04-04,"TSLA Stock Jumps 5.62%, Tesla Dismisses Workers from U.S . Plants",
2020-04-02,"TSLA Stock Down 8%, Tesla Could Make Li - ion Batteries for Ventilators",
2020-04-25,Better Buy: Tesla vs.BMW | The Motley Fool,
2020-04-19,Official: Tesla Cybertruck Changes Are Coming,
2020-04-21,Could The Tesla Cybertruck Also Work As A Boat ?,
2020-04-21,Elon Musks Says The Tesla Cybertruck Can Float,
2020-04-04,Tesla Cybertruck Preorders Reach Insanity Levels,
2020-04-02,LEAKED: Here How Tesla Newest Autopilot Feature Works,
2020-04-24,Tesla Transformation Into A Chinese Company Seems Unstoppable,
2020-04-20,"TSLA Stock Down 2.76% in Pre - market ahead Tesla Q1 2020 Report, Is It a Buy Now ?",
2020-03-30,These Countries Have The Most Tesla Cybertruck Preorders,
2020-04-08,Tesla Gigafactory,
2020-03-30,Tesla Model Y Could Have An Expensive Design Defect,
2020-04-19,Tesla electric cars require far less maintenance than gas - powered vehicles.Here are all the differences between them .,
2020-04-23,"TSLA Stock Jumps 6.61%, Tesla Preferred Choice for Investors over Toyota, General Motors",
2020-04-25,Thai Police Spend $3 Million On Tesla Model 3s,
2020-04-22,Why Is Everyone Talking About Tesla Stock ?,
2020-04-25,"Tesla Will Build Its New Cybertruck in Texas, Elon Musk Says",
2020-04-24,Tesla patents a new NCA electrode for its EV batteries,
2020-04-23,Tesla: May The 4th Be With Gigafactory Nevada As It Reopens,
2020-04-01,Tesla Cybertruck Is Being Completely Redesigned,
2020-04-06,Tesla Building Life - Saving Ventilators From Model 3 Parts,
2020-04-19,Tesla is giving its Insurance customers a retroactive credit as relief amid pandemic,
2020-04-24,"Tesla Cybertruck release date, specs: Elon Musk confirms heat pump, floating mechanism on upcoming electric pickup",
2020-04-10,Tesla Insurance Customer Gets A Notice Of Lower Premium Upon Renewal,
2020-04-23,"Dont Pay $1, 000 For A Tesla Model Y Tow Hitch: A Cheaper Choice Is Now Here",
2020-03-31,Tesla rolls out new commercial solar ordering with integrated battery storage options,
2020-04-15,Tesla Official Launch In Israel Could Be Soon,
2020-03-30,7 Things You Should Know About The Tesla Model Y,
2020-03-12,Angry Chinese Tesla Owners Claim Americans Have Better Teslas,
2020-04-21,The Story Behind # ElonMuskDay,
2020-04-20,4 / 20 Is Unofficially Elon Musk Day: Here How He Inspires,
2020-04-20,Tesla Still Says Robotaxis Will Be Here This Year,
2020-04-20,Tesla Robotaxis Coming This Year ?,
2020-04-24,Investment Wizard Hiromichi Mizuno Joins Tesla Board Of Directors,
2020-04-22,Tesla Model S Performance Just Got Even Quicker,
2020-04-08,Get Ready To Pay More For The Tesla You Want,
2020-04-07,Tesla Model S And Model X Are Getting A Whole Lot Quicker,
2020-04-21,"Lucid CEO and former Model S designer throws shade at Tesla fans, likens group to old petrol fanboys",
2020-04-22,Tesla Smart Summon & Custom Maps Will Use Crowdsourced Fleet Data,
2020-04-25,"Tesla Distinctions In Technology Simple In One Arena, Profound In Another",
2020-04-19,Did You See This At The Tesla Cybertruck Reveal ?,
2020-04-03,Tesla Model Y Makes More Power Than Tesla Model 3,
2020-04-08,China New Tesla Model 3 Is Way Better Than America,
2020-04-19,Tesla Sets Up Shop On The Alibaba Online Marketplace,
2020-04-03,Tesla Model Y release date: Company achieves best ever first quarter despite COVID - 19 woes with crossover deliveries,
2020-04-19,Chris Pratt Joked About Tesla After Gaining MCU Fame,
2020-03-31,Next Tesla Inside Out Episode Webinar + Q & A,
2020-04-01,Automotive Expert Sandy Munro On The Tesla Model Y Lots of Room in There,
2020-04-10,Tesla Is Making Moves While The US Is Still On Lockdown,
2020-04-02,Tesla = 20th Best - Selling Auto Brand of 2019 in united states,
2020-04-14,Tesla Octovalve Enabled A Staggering 10% Increase In Range For The Model Y,
2020-03-29,Tesla owner in CA goes full Cyber Club Mode in ultimate DIY project during shelter in place,
2020-03-08,Tesla Model Y Images Appear In Latest Tesla App Update,
2020-03-16,Tesla Model Y Is Much Larger Than We Thought,
2020-03-08,"Tesla Model Y delivery date confirmed by California buyer, first deliveries earlier than expected",
2020-04-22,This Custom - Wrapped Tesla Model Y With Roof Racks & Matching Cargo Box Looks Amazing,
2020-03-10,"Tesla, Elon Musk celebrate 1M electric cars built",
2020-03-08,"Tesla Offers Model S & X Owners Infotainment System Upgrade For $2, 500",
2020-03-10,Tesla Celebrates Major Production Milestone,
2020-03-22,Tesla Model S 3 X Y Lineup Side - By - Side In Fly - Around Video,
2020-12-02,"Martin Tripp, accused of sabotage by Elon Musk, to pay $400, 000 to end lawsuit",
2020-12-01,"Former Tesla employee to pay $400, 000 to end lawsuit over tips to reporters",
2021-01-18,"Britney Spear Sister Accuses Quiet Tesla Cars of Killing Cats, Says Elon Musk Owes Her a Couple",
2020-12-01,"A former Tesla employee who filed a whistleblower tip is paying the company $400, 000 for divulging trade secrets, following a 2 - year dispute with Elon Musk",
2020-12-01,"Ex - Tesla worker to pay $400, 000 for sharing secrets with press",
2021-01-23,Tesla Accuses New Hire Of Stealing Automation Trade Secrets,
2021-01-23,Tesla claims engineer stole secrets just days into the job,
2020-12-01,Ex - Tesla employee agrees to pay $400K over claims he stole trade secrets,
2021-01-23,"Elon Musk Tesla is suing an ex - worker, who it says downloaded trade secrets",
2021-01-23,"Tesla has accused an engineer of downloading about 26, 000 sensitive files in his first week",
2021-01-23,Tesla Claims Engineer Stole Secrets Just Days Into the Job,
2021-01-23,Tesla sues former employee for allegedly stealing software code,
2020-11-04,"Tesla Was a Month Away From Bankruptcy During Model 3 Production, Elon Musk Tweets",
2020-11-13,Tesla raises price of Supercharger Network in Australia,
2020-11-03,Tesla hit with $14M fine over German battery recycling bungle,
2020-12-18,"Tesla forced to stop construction of its Berlin Gigafactory over an unpaid 100 million euro deposit, report says",
2020-12-18,Tesla forced to stop Berlin construction over unpaid 100 million euros,
2020-12-05,Tesla Publishes Its First Ever Diversity Report Revealing Leadership Is 83% Male and 59% White,
2020-12-17,"Tesla S & P 500 inclusion is reckless and the stock should be 73% lower than current levels, says an equities analyst",
2020-12-05,Tesla Publishes Its First - Ever Diversity Report Revealing Leadership Is 83% Male and 59% White,
2020-11-28,Tesla Allegedly Concealed Known Suspension Defect In Model S And X,
2020-11-04,Elon Musk: Tesla was a month from bankruptcy during Model 3 production,
2020-11-06,Now You Can Enjoy a Tesla Even If You Dont Like EVs.Except It Sold Out,
2020-11-30,Tesla Officially Under Investigation For Suspension Failures,
2020-12-19,"Tesla to join elite S & P index, shaking up Wall Street",
2020-12-01,Elon Musk wanted to name his tequila Teslaquila but Mexico wouldnt let him,
2020-11-28,Tesla Toolbox Diagnostic Tester Leak: Reliable or Not ? Alleged Tesla Engineer Claims Yes,
2020-12-18,"Tesla To Join Elite S & P Index, Shaking Up Wall Street",
2020-12-03,Tesla Is About to Join the S & P 500.How to Play It With Options .,
2020-11-05,Chinese Youtuber Discovers Tesla Sentry Mode New Samsung 64GB Flash Drive - Here Exactly What It is For,
2020-11-06,Elon Musk Tesla launches its own tequila line called Tesla Tequila,
2020-11-06,Tesla releases its own $250 tequila called Teslaquilla,
2020-11-03,"Tesla CEO Elon Musk Will Bring Full Self - Driving to Canada, Norway After US",
2020-11-02,Why Tesla Stock Tumbled 6% on Friday,
2020-11-11,Why Tesla Bear Gordon Johnson Is Forecasting Sequential Volume Decline In Q4,
2020-11-10,Tesla expands warranty to cover defective main computers in some Model S and X vehicles,
2020-11-02,Tesla pays millions in premiums for 90 days cover,
2020-11-10,Tesla Dojo Version 1 Will Make Autopilot and FSD Distant First Over Rivals Next Year,
2020-11-02,Tesla pays out millions for 90 days director and officer cover,
2020-11-09,Internet users going crazy for Tesla - branded tequila,
2020-12-16,Tesla Solar Panel Sizes: Company Scales Options from Four to Eight,
2023-05-23,How to Buy Tesla Stock | Invest in TSLA Shares,
2020-11-09,Tesla Dojo deployment in 2021 will make Autopilot and FSD a distant first against rivals,
2020-11-04,Guy Has Way Too Much Fun With His Tesla Fart Mode,
2020-11-29,Tesla is now worth more than Berkshire Hathaway,
2020-11-30,Elon Musk: Tesla FSD Beta Will Have Wider Public Release in Less than 2 Weeks Is This Good or Bad ?,
2020-11-04,"Tesla projected to create 15, 000 jobs at Giga Texas, exceeding estimates",
2020-12-02,Tesla Wants To Merge With Another Automaker,
2020-11-29,The Feds Target Tesla Model S And Model X,
2020-11-11,The Tesla Sales Model in China - CKGSB Knowledge,
2020-12-17,Tesla Is Possibly About To Open Store & Service Center In Romania,
2020-11-09,"Tesla EV charging stations are a glimpse of the future ! Over 20, 000 units installed in US",
2020-11-30,Tesla Story 2012 & 2013,
2020-11-30,Tesla Full Self Driving Beta Coming To A City Near You,
2020-11-09,Tesla Now has 12.5% as Many Supercharging Stations as Gas Stations in the United States !,
2020-11-04,Tesla Leaker Discovers New 5G and Hotspot in Car Firmware File Cypress Offers 2.4 & 5 GHz in One !,
2020-11-12,Tesla Gigafactory Shanghai Production Rate Points To Sharp Annual Increase,
2020-11-03,Unbundling Elon Musk Tesla Masterplan For World Domination Unbundling Elon Musk Tesla Masterplan For World Domination,
2020-11-04,Tesla is no longer # 1 BEV OEM in Western Europe,
2020-11-02,Unbundling Elon Musk Tesla Masterplan For World Domination,
2020-11-04,Tesla likely to reveal redesigned Cybertruck next month,
2020-11-10,蓝调 _ 文学城博客,
2020-11-04,Tesla Is No Longer # 1 BEV OEM In Western Europe,
2020-11-06,Tesla Nearly Faced Bankruptcy,
2020-11-30,Cyber Monday: Tesla Geeks Share Their Top Tesla Accessories,
2020-11-02,"Tesla Q3 Safety Report: Autopilot 10x Safer Than Any Car in US, Reduces Accident by 90%",
2020-12-01,3 Big Tesla Achievements in China Clearly Plenty of Demand,
2020-11-05,Tesla Giga Berlin applicants are poised to be interviewed by Elon Musk in person,
2020-12-14,A big expansion of production ? Tesla demand for spare parts increases _ SMM,
2020-12-14,Tesla Halts Model S / X Production and Goes Full Throttle on Model 3 / Y,
2020-11-05,Tesla: Musk in Berlin to interview engineers for new gigafactory,
2020-12-15,"Tesla: 1 year free supercharging for Model 3, Y buyers",
2020-12-15,"Tesla is giving a year of free supercharging to new Model 3 and Y buyers, as it tries to ramp up sales and reach its 500, 000 - vehicle delivery target for 2020",
2020-12-31,Tesla Prepares To Enter India In 2021,
2020-12-14,Tesla Racing Against Time To Meet Demand,
2020-11-29,Major Tesla Model S Updates Could Be Just Around The Corner,
2020-11-30,Top Tesla Goodies for Cyber Monday,
2020-12-04,Elon Musk Warns Tesla Employees In Leaked Email,
2020-12-27,Tesla Holiday Update Has A Controversial Feature,
2020-11-25,Tesla To Improve Range Of Existing Models: 700 Km (435 Miles),
2020-11-30,"TSLA Stock Up 1% in Pre - market, China Paves Way for Tesla Model Y",
2021-01-19,Deliveries begin for Tesla China - made Model Y - Buz & Tech News,
2020-12-13,Tesla Model S And Model X Production About To Shutdown,
2020-11-09,Tesla China RHD Model 3 with new center console and black trim spotted in Hong Kong,
2021-01-18,Tesla Wants Every Model S And Model X Sold Immediately,
2020-12-31,Hacker Proves BIG Updates Coming To Tesla Model S And X,
2020-11-05,"Tesla Model 3 Like A Soul Mate, European Car Reviewer Says",
2021-01-23,First Image of Clad Refreshed Model S & X Sighted In Tesla Fremont Factory,
2020-12-16,Tesla Latest Model 3 And Model Y Upgrade Is Awesome,
2020-11-21,"Teslas Just Got $1, 500 Less Expensive In California",
2020-11-03,Is The Tesla Model Y Acceleration Boost Worth The Money ?,
2021-08-28,Tesla on autopilot slams into Florida state police car,
2021-08-28,Tesla on autopilot slams into U.S . police car,
2021-07-08,"Did Elon Musk Really Ask China to Censor Social Media Attacks ? Tesla Sales Issues, Recalls and More [ RUMOR ]",
2021-08-03,Tesla Autopilot Helps Driver Avoid Dangerous Crash ; Elon Musk Reacts,
2021-07-10,Watch This Moron Dangerously Coal Roll A Tesla,
2021-09-11,Watch A Tesla Model 3 Drive Into A Ditch,
2021-08-28,"A Tesla in Autopilot mode hit a Florida trooper cruiser, the latest incident in which the electric car has crashed into an emergency vehicle",
2021-09-22,"Are Tesla Cars Safe ? Full Details of FSD, Autopilot Crash Accidents",
2021-07-08,Tesla reportedly asked China to censor its critics | American Military News,
2021-09-01,US asks Tesla how Autopilot responds to emergency vehicles,
2021-09-02,NHTSA Sends Tesla 11 - Page Letter With Plenty Of Questions,
2021-09-04,Tesla Is Under Serious Pressure,
2021-08-26,Car dealer battle with Tesla in Connecticut continues as Hoffman Auto Group sues a 2nd time to block Tesla service center in East Hartford,
2021-08-22,Tesla Impact Report Compares Fires Between Teslas & Gas Cars,
2021-08-23,Tesla reaffirms computer vision commitment despite regulator encroachment,
2021-08-27,Tesla: wants to build batteries in Texas to stabilize state power grid,
2021-08-27,Tesla (TSLA) Stock Price and Forecast: Tesla trades lightly ahead of Jackson jamboree,
2021-09-21,"Musk hints at new Tesla Gigafactory, denies location is in Russia",
2021-09-21,"New Gigafactory soon, but not in Russia: Musk",
2021-09-21,"Musk Hints At New Tesla Gigafactory, Denies Location Is In Russia",
2021-08-27,Tesla Says Electric Cars Are Less Likely To Catch Fire Than Gas - Powered Vehicles,
2021-08-22,Elon Musk introduces humanoid robot prototype at Tesla AI Day,
2021-08-28,"A Tesla Model 3 Hit a Parked Police Car in Orlando, Driver Said She Was in Autopilot – NBC10 Philadelphia",
2021-08-03,Tesla Supercharger Network Will Soon Be Available to All EVs,
2021-09-02,New Tesla Roadster Coming In 2023 *,
2021-08-29,Tesla Model 3 Accident Adds Up to Elon Musk Problem: Full Details of Tesla Autopilot Crash Involving Police Car,
2021-08-03,Check How Tesla Autopilot Feature Saved Drunk Driver In Norway,
2021-08-23,Why the Feds Are Investigating Tesla Autopilot,
2021-08-22,Tesla Quietly Raises Non Refundable Order Fee,
2021-09-25,Tesla Found Guilty Of Fraud After Lying About A Lemon,
2021-08-22,Elon Musk says Tesla will build a humanoid robot prototype by next year .,
2021-08-27,Tesla wants to sell electricity in Texas,
2021-08-13,Tesla Cybertruck Is Officially One Step Closer To Production,
2021-08-25,Tesla (TSLA) Stock Price and Forecast: Why is Tesla going up ?,
2021-08-27,Tesla files to become an electricity provider in Texas,
2021-08-27,Tesla Elon Musk Wants to Fix Texa Utility Problem.Someone Needs To .,
2021-08-22,Tesla Aims To Become A Retail Electric Provider In Texas,
2021-08-23,"Tesla Bot to Launch in 2022 Says Elon Musk, To Do the Boring, Dangerous, Repetitive Things People Dont Like To",
2021-08-24,Is Tesla Bot a Catalyst for Tesla Stock ?,
2021-08-28,Tesla allows going off - grid with one press on new mobile ap ...,
2021-08-23,Elon Musk says Tesla latest beta self - driving software is not great,
2021-08-25,Tesla Autobidder is scaring Germany utility providers: report,
2021-08-28,Tesla Re|Source Blockchain Collaboration For Cobalt Aims To Prove That Tesla Ethically Sources Its Cobalt,
2021-09-02,Tesla Roadster Delayed Again And No One Is Shocked,
2021-09-04,"Eye on India ? Tesla may make cheap $25, 000 EV without steering wheel in 2023",
2021-09-24,The Tesla Model Y May Be Shockingly Unsafe And Underengineered,
2021-08-23,Tesla Cybertruck Will Debut With A Controversial Feature,
2021-08-22,Tesla Thinks It Can Sell Its Self - Driving Tech To Other Brands,
2021-08-28,Tesla now aims to sell electricity directly to consumers in ...,
2021-08-28,Tesla now aims to sell electricity directly to consumers in US,
2021-08-22,"Elon Musk announced that the Tesla Bot, a humanoid robot with AI, is coming out in 2022 and has already been showered with memes !",
2021-08-25,Tesla Mission Statement Will Change,
2021-08-25,Elon Musk Admits Something No One Expected,
2021-08-26,German CAM Study: Tesla 3rd Most Innovative Car Company ; 2nd Most Innovative Premium Brand,
2021-08-26,Old Tesla Models Are Getting A Massive Upgrade,
2021-08-28,Tesla Will Spark Controversy (Again) Next Month,
2021-08-24,First Indian Robotics Tech.Park Eyes Hosting Elon Musk Tesla Bots Facilities – India Education | Latest Education News | Global Educational News,
2021-08-25,Elon Musk Clarifies Current FSD Is Not Great Comment Saying It Amazing Just Not By Tesla Standards,
2021-08-26,First rare look at Tesla Giga Shanghai battery pack & motor production lines,
2021-09-12,Tesla Outwits New Mexico Direct Sales Ban,
2021-09-20,Tesla Kills Referral Program That Gave Away Roadsters,
2021-08-12,Your Tesla Model Y Can Now Protect You From Bioweapons,
2021-08-25,Tesla Keeps on Growing as the Model Y Hits Europe Earlier Than Expected,
2021-08-06,"Tesla Model S Base Price Spikes Yet Again, This Time By $5, 000",
2021-09-20,Tesla Next Full Self - Driving Update Has A Crucial Feature,
2021-09-03,Apple Turns To Toyota For Help With Apple Car Production,
2021-09-12,Tesla Sales Growth In Europe Keeps Going Strong (Graph),
2021-07-15,Tesla Model 3 Long Range Dual Motor Suddenly Stops Selling to Chinese Market,
2021-08-05,"2021 Tesla Model X Plaid: Review, Trims, Specs, Price, New Interior Features, Exterior Design, and Specifications",
2021-08-27,Rumor: Tesla Model Y SR Will Return To The U.S . With The LFP Pack,
2021-08-23,Tesla Model Y Is Getting A Significant Range Upgrade,
2021-08-23,Europeans Line Up For An Hour To Get Their First Glimpse Of The Model Y As Tesla Begins Deliveries,
2021-09-20,US: Delivery Time Of Entry - Level Tesla Cars Extends To March 2022,
2021-07-09,"Tesla Jacks Up Model S and Model X Prices by a Whopping $5, 000 !",
2021-09-11,US: Entry - Level Tesla Model 3 / Y Delivery Time Extends To February,
2021-09-02,"Tesla overtakes Volkwagen, Ford in Norway as Model Y dominates August EV sales",
2021-09-17,Watch A Tesla Model Y Crush The BMW M4 In A Moose Test,
2021-07-23,Angry Tesla Owners Unlikely To Accept Lowball Offer,
2021-08-01,Tesla drivers are most satisfied EV owners in Norway: Survey,
2021-08-26,Tesla Model 3 Has Passed 1 Million Sales,
2021-07-08,Defunded NYPD Finds The Cash To Buy A Tesla Model 3 And Convert It Into A Patrol Car,
2022-04-02,Debunked: Is Tesla Cybertruck cancelled in 2022 ?,
2022-05-23,Elon Musk lost R158bn in net worth in a single day after sexual misconduct claims emerged,
2022-03-22,Tesla Fires Employee For Posting Critical Footage To YouTube,
2022-03-22,Full self driving stories at Techdirt .,
2022-03-22,Elon musk stories at Techdirt .,
2022-03-22,Employment stories at Techdirt .,
2022-03-22,John bernal stories at Techdirt .,
2022-03-22,Autonomous vehicles stories at Techdirt .,
2022-03-22,"- What Is Tesla ? s Supercharger Bug ? What You Need to Know - Renewable Energy Magazine, at the heart of clean energy journalism",
2022-03-22,"Elon Musk Tesla tweets are fair game for investigation, SEC says",
2022-03-18,Tesla fires employee for posting driverless tech reviews,
2022-03-18,Tesla Stock Faces Lots of Headwinds.Options Could Help Investors .,
2022-03-16,Tesla fires worker who reviewed its full self - driving feature on YouTube,
2022-03-21,Tag: Tesla – NECN,
2022-03-22,US regulators say someone really needs to monitor Elon Musk tweets – TechCrunch,
2022-03-22,"Tesla opens Gigafactory near Berlin, its 1st in Europe",
2022-03-22,Watch: Tesla Car Tries To Fly And Reach Space,
2022-03-24,Jumping Tesla Accidentally Destroys Musician Subaru,
2022-03-17,Tesla Raises Price for Model Y in China After Giga Shanghai Suspension,
2022-03-17,Why Tesla Stock Keeps Driving Higher,
2022-03-15,Tesla hikes prices twice in a week due to rising costs,
2022-03-19,Tesla Berlin plant will run out of local water - German water company says,
2022-03-20,BMW E9 with a Tesla Motor,
2022-03-21,Tesla Stock Is Rising.Giga - Berlin Is Ready to Produce EVs .,
2022-03-20,TSLA Stock News: 6 Biggest Headlines That Tesla Investors Need to Know This Week,
2022-03-29,Tesla CEO Elon Musk Wants Another Tesla Stock Split This Year,
2022-03-22,Elon Musk to officially open German factory as Tesla looks to ease demand pressure,
2022-03-17,Oregon & Virginia Next In Line For Tesla Insurance,
2022-03-23,Tesla Is Finally Producing Cars in Europe: Elon Musk Opens First Manufacturing Plant,
2022-03-16,Tesla With Significant Price Increases Due To Inflation,
2022-03-17,Tesla Wall Connector is Back to $495 as Automaker Decides to Drop Its Price,
2022-03-16,"Tesla Model 3, Model Y Hit Speed Bump in China",
2022-03-22,Tesla Berlin Gigafactory is finally shipping out cars after a 265 - day delay,
2022-03-21,Why Tesla Halted $1 Billion Bond Raise,
2022-03-22,Tesla Still Dominates EV Market Despite New Rivals,
2022-03-15,"Tesla increases prices across whole range so its cheapest electric car is now $47, 000",
2022-03-18,"Wealth Architects LLC Has $5.65 Million Stake in Tesla, Inc . (NASDAQ: TSLA)",
2022-03-26,Tesla Can Reach 2 Million Vehicle Run Rate In 2022 Says Wall Street Analyst,
2022-03-14,Tesla Insurance to Expand to Oregon and Virginia,
2022-03-13,Tesla Dominates Established German Brands In The Luxury Car Segment,
2022-03-24,Why Tesla Stock Zoomed Higher Again | The Motley Fool,
2022-03-21,"Tesla Giga Berlin Receives Its Final Operating Permit, It Full Steam Ahead Now",
2022-03-24,Jefferies: Tesla Accumulates Cash at a Faster Pace Than Its Ability To Grow Physically,
2022-03-14,Tesla Insurance looks to expand to Oregon and Virginia as its next markets,
2022-03-17,Top 3 reasons why Tesla dominates the U.S . pure electric car market,
2022-03-19,Here is why you cant resell a Tesla car within a year of buying it,
2022-03-17,Tesla Vision Coming To European Model 3 and Model Y In Q2: Goodbye Radars,
2022-03-14,Tesla Model Y Sales in China Increase 4x in Feb.2022 ! Model 3 Decreased ?,
2022-03-26,Demand for Tesla Vehicles Is Through the Roof,
2022-03-14,ALL Tesla EV Basic Prices and Estimated Delivery Time This 2022 ; Second - Hand Prices to Increase ?,
2022-03-18,"Tesla, the Most Trusted EV Company, Says New Study ! Apple Included in the Top 10 ?",
2022-03-23,Elon Musk Launches Tesla Gigafactory in Berlin,
2022-03-17,Elon Musk Confirms Tesla Master Plan Part 3 ! Will This Bring a New EV Tech ?,
2022-03-18,US Labor Secretary Walsh Tours Tesla Giga Texas With Elon Musk,
2022-03-21,"Elon Musk says Tesla Model X is the Best Variant of the Car, Only Variant He Wants to Offer",
2022-03-19,Tesla Secret Master Plans Are About to Have a Part 3,
2022-03-15,US: Tesla Substantially Increased Prices For All Models,
2022-03-14,The Unbelievable Success Story of Tesla - Industry Leaders Magazine,
2022-03-22,Elon Musk Dances Like Nobody Watching As First Cars Leave the Gigafactory,
2022-04-01,Kyte To Offer Rented Tesla Model 3 Across the US !,
2022-03-13,Here How Much Tesla Cars Cost And How Long You Will Wait For Delivery,
2022-03-15,"Tesla Prices Are Higher Than Ever, and Be Prepared to Wait",
2022-04-02,"Tesla delivers record vehicles in Q1, beats analyst estimates",
2022-05-23,cybertruck - inspired tesla model m electric motorcycle by víctor rodríguez gómez,
2023-04-01,The former employee earns 118 million euros,
2022-12-07,Florida driver blames car accident on Mount Kisco Tesla store,
2022-12-08,"Federal judge denies Tesla retrial request in case involving worker claims of racism at factory in Fremont, California",
2022-12-05,Tesla drivers say theyve faced road rage and heckling,
2022-12-04,Tesla Drivers Claim Theyre Victims Of Increasing Acts Of Road Rage,
2022-12-07,Tesla drivers say theyve faced more incidents of road rage since they started driving the electric cars,
2022-11-27,ANTIFA Terrorists Are Reportedly Planning Terror Attacks on Tesla Dealerships,
2022-12-08,RUMOR MILL: Tesla China President To Replace Musk as Global CEO,
2022-11-22,Tesla Stock On Track For Its Worst Year Ever As Elon Musk EV Giant Faces 4 Big Headwinds,
2022-12-07,Spoiled By Union Perks Telsa German Gigafactory Has A Hard Time Holding On To Workers,
2023-01-08,Hundreds of Tesla owners in China protest after missing out on big price cuts,
2023-01-08,"Hundreds of Tesla owners in China protested after missing out on big price cuts, report says",
2023-01-10,Moment self - driving Tesla abruptly stops and causes EIGHT - vehicle pileup,
2022-12-07,Gigafactory Berlin Is In Total Chaos as Tesla Finds It Hard to Recruit and Keep Workers,
2023-02-06,Tesla Crash And Musk Acquittal Is Good News For Electric Vehicles,
2022-12-09,Tesla speaks up on its inability to offer self - driving cars,
2023-01-09,Why Are Retailers Conducting a Tesla Selloff,
2023-01-09,Top Tesla investor has buyer remorse and says Elon Musk is killing the EV company with stock sales,
2023-01-09,Tesla owners in China protest against surprise price cuts they missed,
2023-01-07,China: Tesla owners protest surprise price cuts they missed,
2023-02-10,Why Tesla Stock Was Falling on Friday,
2023-02-08,Tesla Sentry Mode is a privacy violation on wheels | Spirit Legal,
2022-12-08,Unconfirmed Reports Claim Tesla China President Will Replace Musk as Global CEO,
2022-12-08,Tesla on its troubled Full Self - Driving technology: It a failure but not fraud,
2022-12-08,Tesla Stock Falters On Latest Report Of China Production Slow Down,
2022-12-09,Elon Musk Tweeting Is Problematic for Tesla Stock.Here Proof .,
2023-02-11,Elon Musk Lets Out His Frustration After Tesla Is Once Again Forced To Stop Construction At Giga Berlin,
2023-02-08,Tesla Outage Performance: Impact On Tesla Stock,
2023-02-05,Visualizing Tesla Unrivaled Profit Margins,
2023-02-07,Tesla Musk Facing New Challenges After Jury Acquittal,
2023-02-07,BMS _ u029 Is the Code Killing Several Tesla Model S Battery Packs,
2023-02-08,Tesla Stock Tops $200.Here What Happens Next .,
2023-02-10,New Tesla Cybertruck EV Prototype Keeps the Massive Windshield Wiper Design,
2023-02-08,2023 Tesla Model 3 Can Now Detect Distances Without Ultrasonic Sensors,
2023-02-10,"Tesla Stock On 100% Run From Bear Lows, Analyst Says Rally Has Run Its Course",
2023-02-09,Tesla Agrees to Replace the Car Whose Steering Wheel Fell Off in January,
2023-02-09,"Up 85% This Year, Is Tesla Stock a Buy ?",
2023-02-11,Tesla Investor Said Hell Run for a Seat on Company Board: Report,
2023-02-09,Tesla Can Drive In Extreme Cold and Extreme Heat,
2023-02-07,Stunning Views of Tesla Robots and Stamping at Giga Berlin - How a Tesla is Made,
2023-02-06,"Tesla Stock Has Advanced 54% YTD, Top Analyst Says Dont Sell Yet",
2023-02-07,Driving a Model X Plaid Through Water - Was Any Damage Done ?,
2023-02-09,Tesla Seen Detecting Distances Without Ultrasonic Sensors - Why This Matters,
2022-12-09,Tesla Is Going Through a Disruptive Period of FUD,
2023-02-06,Can Tesla Stock Keep Rising ? 3 Reasons It Can .,
2023-02-08,The reason why Tesla reached a record of car sales in January 2023,
2023-02-06,"Meet Tesla Megafactory - Capable of Producing 10, 000 Megapacks Each Year",
2023-02-10,Fake Tesla Are Everywhere | Torque News,
2023-02-11,Tesla Reveals 3 - Part Ecosystem EVs Being The 3rd Part,
2023-02-08,"Tesla Model Y Inventory Falls To Only 7 Vehicles In The Entire US, Down 99.5% Since Price Cuts",
2023-02-06,Tesla Model 3 Lease Price Slashed To Match The Toyota Corolla !,
2023-02-06,Tesla Stock Price Target Raised to $225 at Wedbush on Demand Prospects,
2023-02-08,The Best Place To Take Your Tesla For Tires,
2023-02-06,Used Tesla Vehicles Are Coming Down In Price - Why This is Good For Tesla,
2023-02-10,"2023 Tesla Model 3, Model Y Rear - Wheel - Drive prices rise in Australia weeks after cuts",
2023-02-05,What is Tesla Tax Credit ? EV tax credit 2023 explained .,
2023-02-05,"Tesla Model Y in the U.S . backtracks - raises prices by $1, 500",
2023-02-08,Tesla Master Plan Part 3: Here What Could be Announced at Investor Day 2023,
2023-02-09,Tesla Sales Will Surge Due to Competitors Advertising During the Super Bowl - Why This Will Happen,
2023-02-10,"Tesla Already Halved Its Prices, Can It Do It Again And Go Mainstream ?",
2023-02-07,Canada First Tesla Model Y Police Car Arrives,
2023-02-06,"Tesla roller - coaster in sales, and the story it tells about EVs in Australia",
2023-02-10,Tesla Model Y RWD Price Hikes in China,
2023-02-05,Model Y Prices Continue To Go Up: The Data Says This Will Keep Happening,
2023-02-08,Elon Musk to unveil fully sustainable energy future for Earth at Tesla Investor Day,
2023-02-06,Toyota Mechanic Reveals the Truth About Tesla Model Y,
2023-02-05,Elon Musk Gives A subtle Nod To Tesla Upcoming Model 3 Refresh Dubbed Project Highland,
2023-02-10,Tesla Just Made a Bold Move Indicating a Bewildering Picture,
2022-11-23,Tesla Updates Solar Referral Program: Earn Points to Get Tesla Merch,
2023-02-06,US: Tesla Tweaked Model 3 / Model Y Prices Again,
2023-01-14,Tesla Model S Plaid Round Steering Wheel Now An Option (Instead Of Yoke),
2023-01-13,"Tesla Price Drops Happen in US, Europe ; Up to $20, 000 Savings ?",
2022-11-21,Not Just The Safest Tesla Model 3 Is Greenest Car On Highway In Europe,
2022-12-09,Tesla Model S and X Plaid arrive in Germany for first deliveries,
2022-12-09,Tesla Model 3 overtakes Model Y as Germany favorite EV,
2022-11-21,Tesla Releases A Limited - Edition Set Of Sipping Glasses For The Holiday Season,
2023-09-29,US Anti - discrimination Agency Sues Tesla Over Pervasive Racism,
2023-09-29,US anti - discrimination agency sues Tesla over pervasive racism,
2023-09-28,"EEOC sues Tesla, alleges racist harassment of Black workers",
2023-09-29,U.S . federal agency sues Tesla for discrimination of Black employees,
2023-09-29,U.S . federal agency sues Tesla for discrimination of Black employees - Xinhua,
2023-10-12,2021 SEC Complaint Reveals Allegations from Tesla Whistleblowers,
2023-09-29,US Sues Tesla Over Alleged Harassment of Black Factory Workers,
2023-08-21,Tesla Under Legal Scrutiny: Lawsuit Arises Following Tragic Model 3 Crash,
2023-09-28,"EEOC sues Tesla alleging widespread racist harassment of Black workers, retaliation against those who spoke out",
2023-09-29,Tesla sued by US agency over alleged harassment of Black factory workers,
2023-09-29,Tesla sued by US agency over alleged harassment of Black factory workers By Reuters,
2023-09-30,Elon Musk Tesla sued over racial bigotry at California plant,
2023-08-21,Tesla says two former employees behind May data breach,
2023-08-11,EVject is a Tesla charging accessory for bad neighbourhoods,
2023-09-28,EEOC sues Tesla alleging widespread racist harassment of Black workers,
2023-09-29,Tesla braces its first trial involving Autopilot fatality,
2023-08-21,Tesla Data Breach Investigation Reveals Inside Job,
2023-08-21,"Elon Musk, Tesla: Tesla Data Breach Blamed On Insider Wrongdoing Impacted 75, 000: Report",
2023-08-22,Tesla Sues 2 Former Employees Over Insider Data Breach,
2023-08-22,"Tesla Notifies Over 75k Current and Former Employees of Recent Data Breach | Console and Associates, P.C .",
2023-08-21,Tesla data breach affecting 75k people was inside job,
2023-08-21,"Tesla Data Breach Blamed on Insider Wrongdoing Impacted 75, 000",
2023-10-14,Man Sentenced To 48 Months In Prison After Acquiring Five Teslas Without Ever Paying - Tesla (NASDAQ: TSLA),
2023-08-21,"Tesla admits data breach impacting 75, 000 employees was insider job",
2023-08-10,"Tesla Under Investigation After Fatal Crash May Have Involved Autopilot System, Report Says",
2023-08-10,US probing fatal crash involving Tesla,
2023-08-09,Exclusive video raises new concerns about Tesla self - driving system,
2023-10-11,Growing number of Tesla drivers complain of phantom braking,
2023-10-12,Tesla phantom braking more common than previously reported,
2023-08-21,"Tesla Insider Data Breach Exposed Over 75, 000",
2023-08-26,Tesla CEO Elon Musk Begins Delivering The Primary Semi - trucks • MV TELEGRAPH,
2023-08-22,tesla Archives,
2023-10-12,Tesla dominance in the EV market is fading,
2023-08-24,Polestar rejects Tesla electric car price war and discounts,
2023-10-12,Why Tesla isnt unionized,
2023-08-04,Tesla sued in U.S . for allegedly inflating mileage,
2023-08-11,Tesla Now Under Investigation Once Again After Fatal Accident,
2023-08-03,Tesla faces California class action on its EV range claims,
2023-08-21,"Tesla Employee Data Leak, Full Self - Driving Problem and Using Siri for Car Commands: Top Stories For Elon Musk Led EV Company Today - Tesla (NASDAQ: TSLA)",
2023-10-10,Jefferies analyst questions if Tesla can maintain edge in EV tech,
2023-08-23,"Tesla $100, 000 EV refund due to technical issues",
2023-10-11,Elon Musk Tweeted About Tesla As largest Firm • MV TELEGRAPH,
2023-08-03,Tesla White Seats vs.Red Wine No Worries,
2023-08-02,Should Tesla Just Buy Uber,
2023-10-12,Dan Niles is short Tesla stock even though he loves the company,
2023-10-12,Tesla dominance in the EV market is fading and all hinges on the Cybertruck,
2023-09-28,Tesla Stock Has Gotten Hammered This Month.Why One Analyst Just Upgraded It .,
2023-08-03,tesla california class action: Tesla faces California class action on its EV range claims,
2023-08-03,Tesla faces California class action lawsuit over its EV range claims,
2023-10-13,Should You Buy or Sell TSLA Stock Ahead of Oct.18 Earnings ?,
2023-08-03,Tesla EV Range Claims Lead to Possible Class Action Lawsuit in California,
2023-10-13,Here How Long It Takes To Charge A Tesla (And How Much It Costs),
2023-10-10,When will Tesla make a move in Indonesia ?,
2023-09-26,Tesla Stock Wont Get A Boost From Q3 Deliveries With Wall Street Expecting A Miss,
2023-09-26,AOC Says Shell Replace Her Tesla Model 3 With a Union - Built EV In Support of Ongoing UAW Strikes at the Detroit 3,
2023-10-09,Tesla V4 superchargers rollout begins outside of Europe,
2023-10-12,"Tesla Redefines English, Says Full Self - Driving Doesnt Mean Autonomous",
2023-09-28,Tesla Malaysia: Sunway Big Box Johor is the second Supercharger and Destination Charging location in Malaysia,
2023-09-27,The Tesla Cybertruck tub looks smaller than expected,
2023-09-27,Will Tesla Employees Create a Union ?,
2023-09-27,Kiwi EV owners that dont own Teslas can now use Tesla Superchargers,
2023-10-12,Tesla Stock Earnings Forecast: What To Watch,
2023-09-28,"Tesla Will Honor FSD Transfer After September 30, but Conditions Still Apply",
2023-09-26,Tesla considering Thai Gigafactory – report,
2023-10-11,"Tesla finally offering green cars, but there a catch",
2023-10-11,Tesla calls last drinks on Model 3 electric car with conventional indicator stalk,
2023-08-23,"Tesla Smart Phone, Tesla Phone Launch Date in India",
2023-08-07,Tesla CFO Zach Kirkhorn steps down,
2023-10-12,"Tesla keeps chopping prices, making its cars cheaper than even gas competitors",
2023-08-01,Tesla Malaysia Pavilion display moves to Level 3,
2023-08-07,Tesla 38 - Year - Old CFO Zach Kirkhorn Steps Down After Four Years,
2023-10-11,Comparing Arrival (NASDAQ: ARVL) and Tesla (NASDAQ: TSLA),
2023-10-08,"WP Advisors LLC Purchases 285 Shares of Tesla, Inc . (NASDAQ: TSLA)",
2023-10-11,Tesla Kicks Off Model 3 Highland Advertising Campaign by Explaining the Lighting Tech,
2023-10-12,"Cathie Wood Keeps Selling Tesla Stock As $7, 500 Tax Credit For Model 3 Likely Gone",
2023-10-08,Tesla clearing up its cameras with update,
2023-09-26,"Tesla Resumes Model Y Production at Giga Texas, Cybertruck in Master Candidate Phase",
2023-10-12,Tesla Now Offers Wraps and PPF For Its Model 3 and Model Y Vehicles For 2023 and Beyond,
2023-07-31,Tesla owners light up San Luis with Cybertruck - inspired show,
2023-09-24,Updated 2024 Tesla Model 3 Performance is go – report,
2023-09-28,Tesla Coin Review: The Future of Cryptocurrency or Just Another Scam ? – hawr - digital.de,
2023-09-26,Updated Tesla Model 3 Performance on the horizon - report,
2023-08-25,2023 Tesla EV Lineup Compared: Prices And Range Of All Models,
2023-10-09,Xpeng G6 Is Being Touted As Directly Competing With Model Y.Here Is How It Looks,
2023-10-10,"Tesla Model Y Crosses 2 Million Sales Milestone, Poised To Outsell Model 3 As Bestselling EV - Tesla (NASDAQ: TSLA)",
2023-09-26,Tesla Willy Wonka Factory Tour Offer Vanishes In A Flash: What Gives ? - Tesla (NASDAQ: TSLA),
2023-10-07,Tesla Model 3 Highland: what you need to know,
2023-10-14,"Tesla Fans, Want A Free Model Y ? Here An Offer For You - Tesla (NASDAQ: TSLA)",
2024-04-13,Some Tesla employees worry that layoffs are coming,
2022-02-23,"Ex - Tesla Employee Details Racist Practices at Workplace, Files Lawsuit",
2024-03-29,Analysts Sound Alarm on Tesla: Code Red,
2024-06-19,Tesla Service Under Fire As Repair Monopoly Lawsuit Back On Track,
2024-06-19,"Tesla Faces Five Lawsuits Combined, Denies Monopoly Allegations as Illogical Theory",
2024-06-05,Faster Tesla V4 Superchargers coming to cut charge queues in NSW,
2024-06-18,"Tesla Sues Ex - Supplier Matthews for Stealing EV Trade Secret, Claiming Patent Its Own",
2024-06-19,Tesla Owners Fight Back: Lawsuit Alleges Elon Company Forced High Pay And Long Wait Times For EV Repairs,
2024-03-29,"Wedbush cuts its Tesla price target after EV maker nightmare 1st quarter, says investors are losing patience",
2024-06-04,Elon Musk Sent $500 Million of Nvidia Chips Intended for Tesla to X,
2024-06-05,Elon Musk Told NVIDIA To Prioritize Shipments Of AI Processors To X And x.AI Over Tesla,
2024-03-29,Tesla tough quarter has investors anxious,
2024-06-18,"Tesla sues ex - supplier Matthews over EV battery trade secrets, ET Auto",
2024-03-29,Tesla had a brutal first quarter.And Elon Musk EV maker could get worse,
2024-03-29,Tesla stock wraps up one of its worst quarters on record as global dominance wanes – DG Verifications & Stats,
2024-06-17,"Tesla Sues Former Supplier Over Trade Secret Theft, Seeks $1B Compensation: Report - Tesla (NASDAQ: TSLA), Matthews International (NASDAQ: MATW)",
2024-06-19,Class Action Lawsuit Against Tesla Over Repairs & Parts Allowed To Proceed,
2024-03-28,Tesla Has Started Advertising On Facebook And Instagram,
2024-03-29,Tesla stock drops 29% in first quarter as global dominance wanes,
2024-06-05,When Elon Musk jumped the AI chips line reserved for Tesla for these companies,
2024-06-05,Helldivers 2 How to Get and Use the A / AC - 6 Tesla Tower,
2024-03-29,Tesla Stock Outlook: Wall Street Downgrades Firm As Growth Disappoints,
2024-03-30,Tesla FSD Is No Longer Beta: Now Called Full Self - Driving (Supervised) - Why This Is A Big Deal,
2024-03-28,Tesla Stock: Bulls Turn Bearish As Nightmare First Quarter Comes To An End,
2024-06-18,Tesla sues over trade secrets allegedly revealed by supplier – report,
2024-06-17,Tesla sues supplier for stealing EV battery trade secrets,
2024-06-05,Billionaire Ron Baron Supports Elon Musk $56 Billion Pay Package,
2024-06-07,Attention Boot Lickers: Tesla Is Now Selling $450 Bottles Of Mezcal,
2024-06-17,Tesla sues ex - supplier Matthews over EV battery trade secrets,
2024-06-22,Tesla Slashes Workforce Amid Continued Slowdown in EV Sales,
2024-03-30,Tesla Embraces Advertising amid Slowing EV Demand and Increased Competition,
2024-06-06,"Report Claims Tesla - Bound AI Chips Were Redirected To X, Musk Hits Back",
2024-06-18,Tesla In Last - Minute Shareholder Sprint For Huge Elon Musk Pay Package,
2024-06-18,Tesla kicks off legal fight to reinstate Elon Musk pay,
2024-05-30,"Tesla Stock: Elon Musk, Company, Lash Out As Some Institutional Investors Reject CEO Pay Package",
2024-06-17,Tesla Cybertruck is on its way to Penang,
2024-03-30,The Tesla Model 2 Will Get a Game Changing LFP Battery - Charging In 10 - 15 Minutes At Incredible Speed Of 350 kW In Cold Weather,
2024-06-20,"Tesla Analysts See Robotaxi Day Igniting Interest In Other Autonomous Vehicle Players, Service Providers - Tesla (NASDAQ: TSLA)",
2024-05-28,"I Can See My Cybertruck on the Lot, but I Cant Take Delivery Because my Tesla Service Center is Understaffed Elon Musk Might Have Fired Too Many Tesla Employees",
2024-06-07,"Following the Successful Starship Flight 4, Elon Musk Reveals How Starship Inspired Him to Build the Tesla Cybertruck",
2024-05-31,Tesla stock: Elon Musk and the company hit back as some institutional investors reject the CEO pay package – NewsBeezer,
2024-06-06,Cathie Wood and Nvidia CEO Jensen Huang Agree: Tesla Has a Huge Artificial Intelligence (AI) Opportunity,
2024-06-16,"Tesla Extends FSD Transfers for Another Quarter, Confirms Elon Musk",
2024-06-20,RoboCop: Tesla Cybertruck reports for police duty,
2024-03-30,Tesla Is The Worst Performer In The S & P 500 This Year So Far: The Most Innovative Company Of Our Time Is Getting Hit The Hardest,
2024-03-30,Tesla Has Produced 6 Million Vehicles Now And The First Million Took 12 Years ! How Long It Took This Last Million and How Long The Next Million Will Take,
2024-06-20,Shocking Results As Tesla Owner Interviews Others About Tesla Vehicles: They Didnt Know the Model Y Was the Best Selling Car In the World,
2024-03-27,This Tesla Vehicle Parallel Parks Itself In Scintillating Display Of Parking Prowess: The Days Of Frustrating Parking Are Over,
2024-03-30,"Tesla at 6 million cars: What it accomplished, what it hasnt",
2024-06-21,Tesla Cybertruck goes on tour in Penang,
2024-06-21,Tesla has teased three new cars - - but what are they ?,
2024-06-21,Why This Tesla Analyst Sees 80% Upside For Stock Despite Fundamental Challenges - Tesla (NASDAQ: TSLA),
2024-06-16,Tesla full - self driving test may have started in China - report (NASDAQ: TSLA),
2024-06-18,Joe Biden and the U.S . Government Just Dont Get Electric Vehicles Like Tesla Does: Joe Biden Snubs Tesla Once Again,
2024-03-30,"Tesla Hits 6 Million EVs, But Can It Keep Up The Pace ?",
2024-06-21,Wedbush predicts Tesla to hit $1 trillion market cap again: Buy or wait ?,
2024-06-02,"Tesla showcases Semi fleet hauling batteries, cars and more",
2024-03-30,Tesla Triumph: A Deep Dive into Elon Musk Unparalleled Leadership,
2024-06-19,Elon Musk announces Tesla stock option grants for exceptional performance read his email to workers,
2024-06-21,August 8 robotaxi day a key historical moment for the Tesla story By Investing.com,
2024-03-29,The next Tesla: your full guide to Musk new Model 2 electric car,
2024-06-16,Tesla Biggest Competitors In 2024,
2024-03-28,"Elon Musk got special favors and access from China that could leave him exposed, report says",
2024-03-30,"Tesla Unveils One - Month FSD Trial for Select US Vehicles, Expanding Tech Reach",
2024-03-29,"Tesla Cybertruck Gears Up for Thailand, Steals Spotlight in Mexico",
2024-06-23,Does Tesla Pay Dividends: Unveiling Tesla Dividend Policy,
2024-03-29,Tesla Model S Beta almost - production - ready version revealed – PerformanceDrive,
2024-06-07,2024 Tesla Model Y review,
2024-06-18,Tesla Model Y EV Is This Year Most American - Made Car Says Cars.com,
2024-06-18,Tesla Lags Behind Mag 7 Will Master Plan 4 Spark A Comeback ? - Tesla (NASDAQ: TSLA),
2024-03-30,Tesla Produced Its 6 Millionth Car,
2024-05-28,2024 Tesla Model Y price and specs: Australian wait times and details,
2024-06-21,"Tesla Van - Camper Edition: What Tesla Van May Be Like Including Pictures, Descriptions, and Price - As If Tesla Had It On Their Website",
2024-06-19,Tesla Cybertruck Spotted Hauling Furniture on U.S . Highway,
2024-06-18,Tesla Master Plan 4 Will Be Epic: Elon Musk,
2024-04-15,"2024 Tesla Model Y Review, Pricing, and Specs, tesla model y",
2024-05-31,The Best Tesla Lease Deals,
2024-04-18,"Tesla Model Y Accessories, accesorios tesla model y",
2024-04-11,"Tesla Model 3 / Y Essential Accessories Starter Bundle - T Sportline - Tesla Model S, 3, X & Y Accessories, accesorios tesla model y",
2024-04-17,"I drive the new Tesla Model 3 !, tesla model 3",
2024-12-10,Tesla accused of fraudulent misrepresentation of Autopilot in crash,
2025-02-27,"Anti - Tesla sentiment leads to protests, vandalism, arson",
2024-12-10,Tesla Faces Federal Lawsuit Over Fatal Autopilot Crash in California,
2024-12-10,Tesla sued by deceased driver family over fraudulent misrepresentation of Autopilot safety – NBC Los Angeles,
2024-12-10,Tesla sued by deceased driver family over fraudulent misrepresentation of Autopilot safety – NBC 6 South Florida,
2024-12-10,Tesla sued by deceased driver family over fraudulent misrepresentation of Autopilot safety – NBC Chicago,
2024-12-10,Tesla sued by deceased driver family over fraudulent misrepresentation of Autopilot safety – NBC New York,
2024-12-11,Elon Musk says even Microsoft founder Bill Gates will go bankrupt if ...,
2024-12-12,Some People Are Paying Less At Tesla Superchargers,
2024-12-11,Elon Musk Tesla to enter India soon ? EV maker restarts search for showroom in Delhi - NCR: Report,
2024-12-08,"Once a must for wealthy Seattle liberals, Teslas feel an Elon backlash",
2024-12-13,Trump transition team seeks to scrap car - crash reporting rule opposed by Elon Musk Tesla,
2024-12-12,Youngstown Daily Legal News,
2025-01-13,Im Suing Tesla & Selling All My Tesla Stock After My Cybertruck Failed Me at a Critical Moment During the Los Angeles Fires – Ive Been Trying to Get This Issue Sorted Out for 5 Months,
2024-12-19,Tesla Head Designer Hints Robotaxi Could Get Additional Form Factors,
2024-12-17,Tesla: Can Elon Musk Navigate Risks in China to Keep the Comeback Rally Going ?,
2024-12-12,"Tesla India launch, new showroom in Delhi",
2024-12-21,"Tesla Recalls 700, 000 Vehicles Over TPMS Malfunction, Including Cybertruck",
2024-12-18,What Is the Tesla Phone ?,
2024-12-19,"After Tesla Stock Massive Post - Election Surge, Is It a Buy or Sell ?",
2024-12-17,Mega - Bullish Analyst Ups Tesla Stock Price Target to $515,
2024-12-11,"Tesla Robotaxis Coming With Human Teleoperators In 2025, Says Deutsche Bank",
2024-12-11,Tesla to deploy V4 Superchargers on Chinese Mainland in 2025,
2024-12-04,Is The Tesla Pi Phone Real ? Scammers Exploit Rumours To Trick Eager Fans,
2024-12-10,Tesla Stock Receives Key Price Target Hike ; China Demand Hot | Investor Business Daily,
2024-12-12,Tesla shares surge to record high after Donald Trump election win,
2024-12-17,Tesla Stock Keeps Roaring On Another Upgrade ; China Demand Steady,
2024-12-10,"Tesla Model Q: Are the rumors about the new, affordable Tesla true ?",
2024-12-11,Tesla Is Analyst Top 2025 Stock Pick: Elon Musk Political Involvement May Accelerate EV Maker Beyond Autos - Tesla (NASDAQ: TSLA),
2024-12-02,Is Tesla Stock A Buy As Investors Bet On The Donald Trump Effect ?,
2024-12-19,Is Tesla Narrative - Driven Valuation Temporary ?,
2024-12-11,Tesla Robotaxi To Rely On Remote Control Failsafe When FSD Fails,
2025-01-30,"Tesla Announces the Cybertruck Stainless Steel Exoskeleton Will Not Be Used in Any Future Tesla Vehicles, Adds It Now Producing Enough 4680 Cells to Build 130, 000 Cybertrucks Per Year",
2025-01-18,7 Tesla Good News Stories You May Have Missed,
2024-12-24,5 Cool Features That Come With The Tesla Apple Watch App,
2024-12-06,Tesla Apple Watch app lets you unlock the EV from your wrist,
2024-12-10,"Tesla Model Q could be approved soon, starting at under $30, 000",
2024-12-16,Tesla: Wedbush hikes price target on autonomous and AI growth under Trump 2.0,
2024-12-14,The Tesla Model 3 Performance Is The Most American - Made Car,
2024-12-10,"Tesla hits 2024 China sales high with 73, 490 deliveries in November as exports plunge",
2024-12-13,Tesla 76% Post - Trump Rally: Bullish Run Or Signal To Cash Out ? - Tesla (NASDAQ: TSLA),
2024-12-16,Tesla New Cheaper Wraps Sound Good Until You Find Out Theyre Just Vinyl,
2024-12-13,"Tesla Mezcal Costs $450, But Hey, At Least You Get A Hand - Blown Bottle",
2024-12-14,Tesla Raises Prices In Bold Move,
2024-12-10,"Tesla, Inc . (NASDAQ: TSLA) CFO Vaibhav Taneja Sells 2, 606 Shares",
2024-12-18,Tesla Giga Shanghai First Employee To Leave This Week: Report - Tesla (NASDAQ: TSLA),
2024-12-10,Why Tesla Stock Is on the Heels of a Record High Today,
2024-12-17,The Most American Made Car Isnt From The Big Three,
2024-12-16,2025 Tesla Model Y review,
2024-12-16,Tesla Brings Back Free Supercharging For Life,
2024-12-20,2025 Tesla Model Y Juniper could be imminent as delivery estimates blow out,
2025-01-14,Tesla Malaysia offers significant discounts for the outgoing Model Y,
2024-12-25,Model 3 Vs.Model Y: 10 Differences Between Tesla Big - Selling EVs,
2024-12-18,Ranking The Tesla Model S Model Years For Reliability,
2025-01-13,Zaha Hadid Architects Unveil Winning Design for Nikola Tesla Museum in Belgrade,
2025-01-15,Tesla Refreshed Model Y Could Roll Out in Berlin Under Juniper Codename: Europe Version Soon,
